-- phpMyAdmin SQL Dump
-- version 3.3.7deb7
-- http://www.phpmyadmin.net
--
-- Host: localhost
-- Erstellungszeit: 18. Mai 2014 um 10:00
-- Server Version: 5.1.73
-- PHP-Version: 5.4.26-1~dotdeb.0

SET SQL_MODE="NO_AUTO_VALUE_ON_ZERO";


/*!40101 SET @OLD_CHARACTER_SET_CLIENT=@@CHARACTER_SET_CLIENT */;
/*!40101 SET @OLD_CHARACTER_SET_RESULTS=@@CHARACTER_SET_RESULTS */;
/*!40101 SET @OLD_COLLATION_CONNECTION=@@COLLATION_CONNECTION */;
/*!40101 SET NAMES utf8 */;

--
-- Datenbank: `lolquest`
--

-- --------------------------------------------------------

--
-- Tabellenstruktur für Tabelle `achievements`
--

CREATE TABLE IF NOT EXISTS `achievements` (
  `id` int(10) unsigned NOT NULL AUTO_INCREMENT,
  `name` varchar(255) COLLATE utf8_unicode_ci NOT NULL,
  `description` varchar(255) COLLATE utf8_unicode_ci NOT NULL,
  `factor` int(11) NOT NULL,
  `created_at` timestamp NOT NULL DEFAULT '0000-00-00 00:00:00',
  `updated_at` timestamp NOT NULL DEFAULT '0000-00-00 00:00:00',
  `type` int(11) NOT NULL DEFAULT '0',
  PRIMARY KEY (`id`)
) ENGINE=MyISAM  DEFAULT CHARSET=utf8 COLLATE=utf8_unicode_ci AUTO_INCREMENT=25 ;

--
-- Daten für Tabelle `achievements`
--

INSERT INTO `achievements` (`id`, `name`, `description`, `factor`, `created_at`, `updated_at`, `type`) VALUES
(1, 'Level up', 'du hast level 2 erreicht', 2, '0000-00-00 00:00:00', '0000-00-00 00:00:00', 1),
(2, 'Level 5', '', 5, '0000-00-00 00:00:00', '0000-00-00 00:00:00', 1),
(3, 'Level 10', '', 10, '0000-00-00 00:00:00', '0000-00-00 00:00:00', 1),
(4, 'Level 20', '', 20, '0000-00-00 00:00:00', '0000-00-00 00:00:00', 1),
(5, 'Level 30', '', 30, '0000-00-00 00:00:00', '0000-00-00 00:00:00', 1),
(6, 'Level 40', '', 40, '0000-00-00 00:00:00', '0000-00-00 00:00:00', 1),
(7, 'Level 50', '', 50, '0000-00-00 00:00:00', '0000-00-00 00:00:00', 1),
(8, 'Quester (5)', '', 5, '0000-00-00 00:00:00', '0000-00-00 00:00:00', 2),
(9, 'Quester (10)', '', 10, '0000-00-00 00:00:00', '0000-00-00 00:00:00', 2),
(10, 'Quester (25)', '', 25, '0000-00-00 00:00:00', '0000-00-00 00:00:00', 2),
(11, 'Quester (50)', '', 50, '0000-00-00 00:00:00', '0000-00-00 00:00:00', 2),
(12, 'Quester (75)', '', 75, '0000-00-00 00:00:00', '0000-00-00 00:00:00', 2),
(13, 'Quester (100)', '', 100, '0000-00-00 00:00:00', '0000-00-00 00:00:00', 2),
(14, 'Quester (150)', '', 150, '0000-00-00 00:00:00', '0000-00-00 00:00:00', 2),
(15, 'Quester (200)', '', 200, '0000-00-00 00:00:00', '0000-00-00 00:00:00', 2),
(16, 'Quester (300)', '', 300, '0000-00-00 00:00:00', '0000-00-00 00:00:00', 2),
(17, 'Quester (400)', '', 400, '0000-00-00 00:00:00', '0000-00-00 00:00:00', 2),
(18, 'Quester (500)', '', 500, '0000-00-00 00:00:00', '0000-00-00 00:00:00', 2),
(20, 'Quester (600)', '', 600, '0000-00-00 00:00:00', '0000-00-00 00:00:00', 2),
(21, 'Quester (700)', '', 700, '0000-00-00 00:00:00', '0000-00-00 00:00:00', 2),
(22, 'Quester (800)', '', 800, '0000-00-00 00:00:00', '0000-00-00 00:00:00', 2),
(23, 'Quester (900)', '', 900, '0000-00-00 00:00:00', '0000-00-00 00:00:00', 2),
(24, 'Quester (1000)', '', 1000, '0000-00-00 00:00:00', '0000-00-00 00:00:00', 2);

-- --------------------------------------------------------

--
-- Tabellenstruktur für Tabelle `achievement_user`
--

CREATE TABLE IF NOT EXISTS `achievement_user` (
  `id` int(10) unsigned NOT NULL AUTO_INCREMENT,
  `achievement_id` int(10) unsigned NOT NULL,
  `user_id` int(10) unsigned NOT NULL,
  `created_at` timestamp NOT NULL DEFAULT '0000-00-00 00:00:00',
  `updated_at` timestamp NOT NULL DEFAULT '0000-00-00 00:00:00',
  PRIMARY KEY (`id`),
  KEY `achievement_user_achievement_id_index` (`achievement_id`),
  KEY `achievement_user_user_id_index` (`user_id`)
) ENGINE=MyISAM  DEFAULT CHARSET=utf8 COLLATE=utf8_unicode_ci AUTO_INCREMENT=6 ;

--
-- Daten für Tabelle `achievement_user`
--

INSERT INTO `achievement_user` (`id`, `achievement_id`, `user_id`, `created_at`, `updated_at`) VALUES
(4, 1, 20, '0000-00-00 00:00:00', '0000-00-00 00:00:00'),
(5, 1, 20, '0000-00-00 00:00:00', '0000-00-00 00:00:00');

-- --------------------------------------------------------

--
-- Tabellenstruktur für Tabelle `champions`
--

CREATE TABLE IF NOT EXISTS `champions` (
  `id` int(10) unsigned NOT NULL AUTO_INCREMENT,
  `name` varchar(255) COLLATE utf8_unicode_ci NOT NULL,
  `champion_id` int(11) NOT NULL,
  `created_at` timestamp NOT NULL DEFAULT '0000-00-00 00:00:00',
  `updated_at` timestamp NOT NULL DEFAULT '0000-00-00 00:00:00',
  `key` varchar(255) COLLATE utf8_unicode_ci NOT NULL,
  `attackrange` float(8,2) NOT NULL,
  `mpperlevel` float(8,2) NOT NULL,
  `mp` float(8,2) NOT NULL,
  `attackdamage` float(8,2) NOT NULL,
  `hp` float(8,2) NOT NULL,
  `hpperlevel` float(8,2) NOT NULL,
  `attackdamageperlevel` float(8,2) NOT NULL,
  `armor` float(8,2) NOT NULL,
  `mpregenperlevel` float(8,2) NOT NULL,
  `hpregen` float(8,2) NOT NULL,
  `critperlevel` float(8,2) NOT NULL,
  `spellblockperlevel` float(8,2) NOT NULL,
  `mpregen` float(8,2) NOT NULL,
  `attackspeedperlevel` float(8,2) NOT NULL,
  `spellblock` float(8,2) NOT NULL,
  `movespeed` float(8,2) NOT NULL,
  `attackspeedoffset` float(8,2) NOT NULL,
  `crit` float(8,2) NOT NULL,
  `hpregenperlevel` float(8,2) NOT NULL,
  `armorperlevel` float(8,2) NOT NULL,
  PRIMARY KEY (`id`)
) ENGINE=MyISAM  DEFAULT CHARSET=utf8 COLLATE=utf8_unicode_ci AUTO_INCREMENT=120 ;

--
-- Daten für Tabelle `champions`
--

INSERT INTO `champions` (`id`, `name`, `champion_id`, `created_at`, `updated_at`, `key`, `attackrange`, `mpperlevel`, `mp`, `attackdamage`, `hp`, `hpperlevel`, `attackdamageperlevel`, `armor`, `mpregenperlevel`, `hpregen`, `critperlevel`, `spellblockperlevel`, `mpregen`, `attackspeedperlevel`, `spellblock`, `movespeed`, `attackspeedoffset`, `crit`, `hpregenperlevel`, `armorperlevel`) VALUES
(1, 'Shaco', 35, '2014-05-15 19:07:16', '2014-05-15 19:07:16', 'Shaco', 125.00, 40.00, 230.00, 51.70, 441.00, 84.00, 3.50, 19.00, 0.45, 7.45, 0.00, 1.25, 6.40, 3.00, 30.00, 350.00, -0.10, 0.00, 0.55, 3.50),
(2, 'Dr. Mundo', 36, '2014-05-15 19:07:16', '2014-05-15 19:07:16', 'DrMundo', 125.00, 0.00, 0.00, 56.23, 433.00, 89.00, 3.00, 21.00, 0.00, 6.50, 0.00, 1.25, 0.00, 2.80, 30.00, 345.00, 0.00, 0.00, 0.75, 3.50),
(3, 'Rammus', 33, '2014-05-15 19:07:16', '2014-05-15 19:07:16', 'Rammus', 125.00, 33.00, 255.00, 50.00, 420.00, 86.00, 3.50, 25.00, 0.50, 7.00, 0.00, 1.25, 7.00, 2.21, 30.00, 335.00, 0.00, 0.00, 0.55, 3.80),
(4, 'Anivia', 34, '2014-05-15 19:07:16', '2014-05-15 19:07:16', 'Anivia', 600.00, 53.00, 257.00, 48.00, 350.00, 70.00, 3.20, 14.50, 0.60, 4.65, 0.00, 0.00, 7.00, 1.68, 30.00, 325.00, 0.00, 0.00, 0.55, 4.00),
(5, 'Yasuo', 157, '2014-05-15 19:07:16', '2014-05-15 19:07:16', 'Yasuo', 175.00, 0.00, 60.00, 50.00, 430.00, 82.00, 3.20, 19.00, 0.00, 5.00, 0.00, 0.00, 0.00, 3.20, 30.00, 350.00, -0.05, 0.00, 0.90, 3.40),
(6, 'Irelia', 39, '2014-05-15 19:07:16', '2014-05-15 19:07:16', 'Irelia', 125.00, 35.00, 230.00, 56.00, 456.00, 90.00, 3.30, 19.00, 0.65, 7.50, 0.00, 1.25, 7.00, 3.20, 30.00, 345.00, -0.06, 0.00, 0.65, 3.75),
(7, 'Sona', 37, '2014-05-15 19:07:16', '2014-05-15 19:07:16', 'Sona', 550.00, 45.00, 265.00, 47.00, 380.00, 70.00, 3.00, 12.00, 0.65, 4.50, 0.00, 0.00, 7.00, 2.30, 30.00, 330.00, -0.03, 0.00, 0.55, 3.30),
(8, 'Zac', 154, '2014-05-15 19:07:16', '2014-05-15 19:07:16', 'Zac', 125.00, 0.00, 0.00, 54.00, 455.00, 95.00, 3.38, 18.00, 0.00, 7.00, 0.00, 1.25, 0.00, 1.60, 30.00, 335.00, -0.02, 0.00, 0.55, 3.50),
(9, 'Kassadin', 38, '2014-05-15 19:07:16', '2014-05-15 19:07:16', 'Kassadin', 150.00, 70.00, 230.00, 52.30, 433.00, 78.00, 3.90, 18.00, 0.60, 6.95, 0.00, 0.00, 6.90, 3.70, 30.00, 350.00, -0.02, 0.00, 0.50, 3.20),
(10, 'Karma', 43, '2014-05-15 19:07:16', '2014-05-15 19:07:16', 'Karma', 525.00, 50.00, 290.00, 50.00, 383.00, 83.00, 3.30, 14.00, 0.65, 4.70, 0.00, 0.00, 6.80, 2.30, 30.00, 335.00, 0.00, 0.00, 0.55, 3.80),
(11, 'Corki', 42, '2014-05-15 19:07:16', '2014-05-15 19:07:16', 'Corki', 550.00, 37.00, 243.00, 48.20, 375.00, 82.00, 3.00, 17.50, 0.55, 4.50, 0.00, 0.00, 6.50, 2.30, 30.00, 325.00, 0.00, 0.00, 0.55, 3.50),
(12, 'Gangplank', 41, '2014-05-15 19:07:16', '2014-05-15 19:07:16', 'Gangplank', 125.00, 40.00, 215.00, 54.00, 495.00, 81.00, 3.00, 20.50, 0.70, 4.25, 0.00, 1.25, 6.50, 2.75, 30.00, 345.00, -0.04, 0.00, 0.75, 3.30),
(13, 'Janna', 40, '2014-05-15 19:07:16', '2014-05-15 19:07:16', 'Janna', 475.00, 64.00, 302.00, 49.00, 356.00, 78.00, 2.95, 13.00, 0.60, 4.50, 0.00, 0.00, 6.90, 2.61, 30.00, 335.00, 0.00, 0.00, 0.55, 3.80),
(14, 'Braum', 201, '2014-05-15 19:07:16', '2014-05-15 19:07:16', 'Braum', 125.00, 45.00, 235.00, 53.00, 430.00, 87.00, 3.20, 20.00, 0.80, 6.50, 0.00, 1.25, 5.50, 3.50, 30.00, 335.00, -0.03, 0.00, 1.00, 4.00),
(15, 'Ashe', 22, '2014-05-15 19:07:16', '2014-05-15 19:07:16', 'Ashe', 600.00, 35.00, 173.00, 46.30, 395.00, 79.00, 2.85, 15.50, 0.40, 4.50, 0.00, 0.00, 6.30, 4.00, 30.00, 325.00, -0.05, 0.00, 0.55, 3.40),
(16, 'Tryndamere', 23, '2014-05-15 19:07:16', '2014-05-15 19:07:16', 'Tryndamere', 125.00, 0.00, 100.00, 56.00, 461.00, 98.00, 3.20, 18.90, 0.00, 7.00, 0.00, 1.25, 0.00, 2.90, 30.00, 345.00, -0.07, 0.00, 0.90, 3.10),
(17, 'Jax', 24, '2014-05-15 19:07:16', '2014-05-15 19:07:16', 'Jax', 125.00, 35.00, 230.00, 56.30, 463.00, 98.00, 3.38, 22.00, 0.70, 7.45, 0.00, 1.25, 6.40, 3.40, 30.00, 350.00, -0.02, 0.00, 0.55, 3.50),
(18, 'Morgana', 25, '2014-05-15 19:07:16', '2014-05-15 19:07:16', 'Morgana', 450.00, 60.00, 240.00, 51.58, 403.00, 86.00, 3.50, 19.00, 0.65, 4.70, 0.00, 0.00, 6.80, 1.53, 30.00, 335.00, 0.00, 0.00, 0.60, 3.80),
(19, 'Zilean', 26, '2014-05-15 19:07:16', '2014-05-15 19:07:16', 'Zilean', 600.00, 60.00, 260.00, 48.60, 380.00, 71.00, 3.00, 10.75, 0.65, 4.60, 0.00, 0.00, 6.95, 2.13, 30.00, 335.00, 0.00, 0.00, 0.50, 3.80),
(20, 'Singed', 27, '2014-05-15 19:07:16', '2014-05-15 19:07:16', 'Singed', 125.00, 45.00, 215.00, 56.65, 405.00, 82.00, 3.38, 22.00, 0.55, 7.10, 0.00, 0.00, 6.60, 1.81, 30.00, 345.00, 0.02, 0.00, 0.55, 3.50),
(21, 'Evelynn', 28, '2014-05-15 19:07:16', '2014-05-15 19:07:16', 'Evelynn', 125.00, 45.00, 190.00, 48.00, 380.00, 90.00, 3.50, 16.00, 0.60, 8.90, 0.00, 1.25, 7.10, 3.60, 30.00, 340.00, 0.00, 0.00, 0.55, 4.00),
(22, 'Twitch', 29, '2014-05-15 19:07:16', '2014-05-15 19:07:16', 'Twitch', 550.00, 40.00, 220.00, 49.00, 389.00, 81.00, 3.00, 18.00, 0.45, 5.00, 0.00, 0.00, 6.50, 3.38, 30.00, 330.00, -0.08, 0.00, 0.60, 3.00),
(23, 'Vel''Koz', 161, '2014-05-15 19:07:16', '2014-05-15 19:07:16', 'Velkoz', 525.00, 45.00, 250.00, 51.66, 380.00, 76.00, 3.14, 16.00, 0.60, 4.50, 0.00, 0.00, 7.00, 1.36, 30.00, 340.00, 0.00, 0.00, 0.55, 3.50),
(24, 'Galio', 3, '2014-05-15 19:07:16', '2014-05-15 19:07:16', 'Galio', 125.00, 50.00, 235.00, 56.30, 435.00, 85.00, 3.38, 21.00, 0.70, 7.45, 0.00, 0.00, 7.00, 1.20, 30.00, 335.00, -0.02, 0.00, 0.75, 3.50),
(25, 'Olaf', 2, '2014-05-15 19:07:16', '2014-05-15 19:07:16', 'Olaf', 125.00, 45.00, 190.00, 54.10, 441.00, 93.00, 3.50, 21.00, 0.57, 7.00, 0.00, 1.25, 6.50, 2.70, 30.00, 350.00, -0.10, 0.00, 0.90, 3.00),
(26, 'Annie', 1, '2014-05-15 19:07:16', '2014-05-15 19:07:16', 'Annie', 625.00, 50.00, 250.00, 48.00, 384.00, 76.00, 2.62, 12.50, 0.60, 4.50, 0.00, 0.00, 6.90, 1.36, 30.00, 335.00, 0.08, 0.00, 0.55, 4.00),
(27, 'Karthus', 30, '2014-05-15 19:07:16', '2014-05-15 19:07:16', 'Karthus', 450.00, 61.00, 270.00, 42.20, 390.00, 75.00, 3.25, 15.00, 0.60, 5.50, 0.00, 0.00, 6.50, 2.11, 30.00, 335.00, 0.00, 0.00, 0.55, 3.50),
(28, 'LeBlanc', 7, '2014-05-15 19:07:16', '2014-05-15 19:07:16', 'Leblanc', 525.00, 50.00, 250.00, 51.00, 390.00, 75.00, 3.50, 16.00, 0.60, 6.50, 0.00, 0.00, 6.90, 1.40, 30.00, 335.00, 0.00, 0.00, 0.55, 3.50),
(29, 'Urgot', 6, '2014-05-15 19:07:16', '2014-05-15 19:07:16', 'Urgot', 425.00, 55.00, 220.00, 48.00, 437.00, 89.00, 3.60, 19.00, 0.65, 5.50, 0.00, 0.00, 7.50, 2.90, 30.00, 335.00, -0.03, 0.00, 0.60, 3.30),
(30, 'Xin Zhao', 5, '2014-05-15 19:07:16', '2014-05-15 19:07:16', 'XinZhao', 175.00, 35.00, 215.00, 52.00, 445.00, 87.00, 3.30, 20.00, 0.45, 7.00, 0.00, 1.25, 6.50, 2.60, 30.00, 345.00, -0.07, 0.00, 0.70, 3.50),
(31, 'Amumu', 32, '2014-05-15 19:07:16', '2014-05-15 19:07:16', 'Amumu', 125.00, 40.00, 220.00, 47.00, 472.00, 84.00, 3.80, 22.00, 0.52, 7.45, 0.00, 1.25, 6.50, 2.18, 30.00, 335.00, -0.02, 0.00, 0.85, 3.30),
(32, 'Twisted Fate', 4, '2014-05-15 19:07:16', '2014-05-15 19:07:16', 'TwistedFate', 525.00, 38.00, 202.00, 46.41, 384.00, 82.00, 3.30, 15.25, 0.50, 4.50, 0.00, 0.00, 6.50, 3.22, 30.00, 330.00, -0.04, 0.00, 0.60, 3.15),
(33, 'Cho''Gath', 31, '2014-05-15 19:07:16', '2014-05-15 19:07:16', 'Chogath', 125.00, 40.00, 205.00, 54.10, 440.00, 80.00, 4.20, 23.00, 0.45, 7.50, 0.00, 1.25, 6.45, 1.44, 30.00, 345.00, 0.00, 0.00, 0.85, 3.50),
(34, 'Fiddlesticks', 9, '2014-05-15 19:07:16', '2014-05-15 19:07:16', 'FiddleSticks', 480.00, 59.00, 251.00, 45.95, 390.00, 80.00, 2.62, 15.00, 0.65, 4.60, 0.00, 0.00, 6.90, 2.11, 30.00, 335.00, 0.00, 0.00, 0.60, 3.50),
(35, 'Vladimir', 8, '2014-05-15 19:07:16', '2014-05-15 19:07:16', 'Vladimir', 450.00, 0.00, 0.00, 45.00, 400.00, 85.00, 3.00, 16.00, 0.00, 6.00, 0.00, 0.00, 0.00, 2.00, 30.00, 335.00, -0.05, 0.00, 0.60, 3.50),
(36, 'Warwick', 19, '2014-05-15 19:07:16', '2014-05-15 19:07:16', 'Warwick', 125.00, 30.00, 190.00, 56.76, 428.00, 98.00, 3.38, 20.00, 0.60, 7.05, 0.00, 1.25, 7.10, 2.88, 30.00, 345.00, -0.08, 0.00, 0.80, 3.50),
(37, 'Teemo', 17, '2014-05-15 19:07:16', '2014-05-15 19:07:16', 'Teemo', 500.00, 40.00, 200.00, 44.50, 378.00, 82.00, 3.00, 18.00, 0.45, 4.65, 0.00, 0.00, 6.45, 3.38, 30.00, 330.00, -0.09, 0.00, 0.65, 3.75),
(38, 'Tristana', 18, '2014-05-15 19:07:16', '2014-05-15 19:07:16', 'Tristana', 550.00, 32.00, 193.00, 46.50, 415.00, 82.00, 3.00, 19.00, 0.45, 5.10, 0.00, 0.00, 6.45, 4.00, 30.00, 325.00, -0.05, 0.00, 0.65, 3.00),
(39, 'Sivir', 15, '2014-05-15 19:07:16', '2014-05-15 19:07:16', 'Sivir', 500.00, 43.00, 203.00, 49.00, 378.00, 82.00, 3.00, 16.75, 0.50, 4.25, 0.00, 0.00, 6.50, 1.60, 30.00, 335.00, -0.05, 0.00, 0.55, 3.25),
(40, 'Soraka', 16, '2014-05-15 19:07:16', '2014-05-15 19:07:16', 'Soraka', 550.00, 60.00, 240.00, 48.80, 405.00, 76.00, 3.00, 17.00, 0.65, 4.50, 0.00, 0.00, 6.80, 2.14, 30.00, 340.00, 0.00, 0.00, 0.55, 3.80),
(41, 'Ryze', 13, '2014-05-15 19:07:16', '2014-05-15 19:07:16', 'Ryze', 550.00, 55.00, 250.00, 52.00, 414.00, 86.00, 3.00, 15.00, 0.60, 4.35, 0.00, 0.00, 7.00, 2.11, 30.00, 340.00, 0.00, 0.00, 0.55, 3.90),
(42, 'Sion', 14, '2014-05-15 19:07:16', '2014-05-15 19:07:16', 'Sion', 125.00, 40.00, 200.00, 55.52, 403.00, 104.00, 3.19, 21.75, 0.40, 7.90, 0.00, 1.25, 6.30, 1.63, 30.00, 345.00, 0.00, 0.00, 0.95, 3.25),
(43, 'Master Yi', 11, '2014-05-15 19:07:16', '2014-05-15 19:07:16', 'MasterYi', 125.00, 42.00, 180.00, 55.00, 444.00, 92.00, 3.00, 19.00, 0.45, 6.50, 0.00, 1.25, 6.50, 2.00, 30.00, 355.00, -0.08, 0.00, 0.65, 3.00),
(44, 'Alistar', 12, '2014-05-15 19:07:16', '2014-05-15 19:07:16', 'Alistar', 125.00, 38.00, 215.00, 55.03, 442.00, 102.00, 3.62, 18.50, 0.45, 7.25, 0.00, 1.25, 6.45, 2.12, 30.00, 330.00, 0.00, 0.00, 0.85, 3.50),
(45, 'Miss Fortune', 21, '2014-05-15 19:07:16', '2014-05-15 19:07:16', 'MissFortune', 550.00, 38.00, 212.00, 46.50, 435.00, 85.00, 3.00, 19.00, 0.65, 5.10, 0.00, 0.00, 6.95, 3.01, 30.00, 325.00, -0.05, 0.00, 0.65, 3.00),
(46, 'Nunu', 20, '2014-05-15 19:07:16', '2014-05-15 19:07:16', 'Nunu', 125.00, 42.00, 213.00, 51.06, 437.00, 96.00, 3.45, 20.50, 0.50, 7.05, 0.00, 1.25, 6.60, 2.25, 30.00, 350.00, 0.00, 0.00, 0.80, 3.50),
(47, 'Rengar', 107, '2014-05-15 19:07:16', '2014-05-15 19:07:16', 'Rengar', 125.00, 0.00, 5.00, 55.00, 435.00, 90.00, 3.00, 20.00, 0.00, 3.60, 0.00, 1.25, 0.00, 2.85, 30.00, 345.00, -0.08, 0.00, 0.40, 3.50),
(48, 'Volibear', 106, '2014-05-15 19:07:16', '2014-05-15 19:07:16', 'Volibear', 125.00, 30.00, 220.00, 54.00, 440.00, 86.00, 3.30, 20.50, 0.65, 7.00, 0.00, 1.25, 7.00, 2.67, 30.00, 345.00, -0.05, 0.00, 0.65, 3.50),
(49, 'Fizz', 105, '2014-05-15 19:07:16', '2014-05-15 19:07:16', 'Fizz', 175.00, 40.00, 200.00, 53.00, 414.00, 86.00, 3.00, 16.70, 0.45, 7.00, 0.00, 1.25, 6.10, 3.10, 30.00, 335.00, -0.05, 0.00, 0.70, 3.40),
(50, 'Graves', 104, '2014-05-15 19:07:16', '2014-05-15 19:07:16', 'Graves', 525.00, 40.00, 255.00, 51.00, 410.00, 84.00, 3.10, 19.00, 0.70, 5.50, 0.00, 0.00, 6.75, 2.90, 30.00, 330.00, 0.00, 0.00, 0.70, 3.20),
(51, 'Ahri', 103, '2014-05-15 19:07:16', '2014-05-15 19:07:16', 'Ahri', 550.00, 50.00, 250.00, 50.00, 380.00, 80.00, 3.00, 15.00, 0.60, 5.50, 0.00, 0.00, 7.00, 2.00, 30.00, 330.00, -0.06, 0.00, 0.60, 3.50),
(52, 'Lux', 99, '2014-05-15 19:07:16', '2014-05-15 19:07:16', 'Lux', 550.00, 50.00, 250.00, 50.00, 345.00, 79.00, 3.30, 12.00, 0.60, 4.50, 0.00, 0.00, 6.00, 1.36, 30.00, 330.00, 0.00, 0.00, 0.55, 4.00),
(53, 'Shyvana', 102, '2014-05-15 19:07:16', '2014-05-15 19:07:16', 'Shyvana', 125.00, 0.00, 100.00, 55.00, 435.00, 95.00, 3.40, 22.00, 0.00, 7.25, 0.00, 1.25, 0.00, 2.50, 30.00, 350.00, -0.05, 0.00, 0.80, 3.35),
(54, 'Xerath', 101, '2014-05-15 19:07:16', '2014-05-15 19:07:16', 'Xerath', 525.00, 47.00, 238.00, 51.66, 380.00, 80.00, 3.00, 16.00, 0.65, 4.50, 0.00, 0.00, 6.00, 1.36, 30.00, 340.00, 0.00, 0.00, 0.55, 3.50),
(55, 'Thresh', 412, '2014-05-15 19:07:16', '2014-05-15 19:07:16', 'Thresh', 450.00, 44.00, 200.00, 46.00, 411.00, 89.00, 2.20, 16.00, 0.70, 6.00, 0.00, 0.00, 5.00, 3.50, 30.00, 335.00, 0.00, 0.00, 0.55, 0.00),
(56, 'Shen', 98, '2014-05-15 19:07:16', '2014-05-15 19:07:16', 'Shen', 125.00, 0.00, 200.00, 54.50, 428.00, 85.00, 3.38, 19.00, 0.00, 7.45, 0.00, 0.00, 50.00, 3.40, 30.00, 335.00, -0.04, 0.00, 0.55, 4.00),
(57, 'Jinx', 222, '2014-05-15 19:07:16', '2014-05-15 19:07:16', 'Jinx', 525.00, 45.00, 170.00, 50.00, 380.00, 82.00, 3.00, 17.00, 1.00, 5.00, 0.00, 0.00, 5.00, 1.00, 30.00, 325.00, 0.00, 0.00, 0.50, 3.50),
(58, 'Kog''Maw', 96, '2014-05-15 19:07:16', '2014-05-15 19:07:16', 'KogMaw', 500.00, 40.00, 255.00, 46.00, 440.00, 84.00, 3.00, 14.00, 0.70, 5.00, 0.00, 0.00, 7.50, 2.65, 30.00, 330.00, -0.06, 0.00, 0.55, 3.50),
(59, 'Riven', 92, '2014-05-15 19:07:16', '2014-05-15 19:07:16', 'Riven', 125.00, 0.00, 0.00, 51.00, 414.00, 86.00, 3.00, 19.00, 0.00, 2.50, 0.00, 1.25, 0.00, 3.50, 30.00, 345.00, 0.00, 0.00, 0.50, 3.20),
(60, 'Talon', 91, '2014-05-15 19:07:16', '2014-05-15 19:07:16', 'Talon', 125.00, 40.00, 260.00, 50.00, 440.00, 85.00, 3.10, 21.00, 0.50, 7.25, 0.00, 1.25, 6.75, 2.70, 30.00, 350.00, -0.06, 0.00, 0.75, 3.50),
(61, 'Malzahar', 90, '2014-05-15 19:07:16', '2014-05-15 19:07:16', 'Malzahar', 550.00, 45.00, 250.00, 51.66, 380.00, 80.00, 3.00, 16.00, 0.60, 4.50, 0.00, 0.00, 7.00, 1.36, 30.00, 340.00, 0.00, 0.00, 0.55, 3.50),
(62, 'Kayle', 10, '2014-05-15 19:07:16', '2014-05-15 19:07:16', 'Kayle', 125.00, 40.00, 255.00, 53.30, 418.00, 93.00, 2.80, 21.00, 0.52, 7.00, 0.00, 0.00, 6.90, 2.50, 30.00, 335.00, -0.02, 0.00, 0.75, 3.50),
(63, 'Leona', 89, '2014-05-15 19:07:16', '2014-05-15 19:07:16', 'Leona', 125.00, 40.00, 235.00, 55.00, 430.00, 87.00, 3.00, 22.00, 0.70, 7.00, 0.00, 1.25, 7.00, 2.90, 30.00, 335.00, 0.00, 0.00, 0.85, 3.10),
(64, 'Gragas', 79, '2014-05-15 19:07:16', '2014-05-15 19:07:16', 'Gragas', 125.00, 47.00, 221.00, 55.50, 434.00, 89.00, 3.50, 20.00, 0.45, 7.25, 0.00, 1.25, 6.45, 2.05, 30.00, 330.00, -0.04, 0.00, 0.85, 3.60),
(65, 'Lulu', 117, '2014-05-15 19:07:16', '2014-05-15 19:07:16', 'Lulu', 550.00, 55.00, 200.00, 44.00, 415.00, 82.00, 2.60, 13.00, 0.50, 5.00, 0.00, 0.00, 5.00, 2.25, 30.00, 325.00, 0.00, 0.00, 0.60, 3.70),
(66, 'Fiora', 114, '2014-05-15 19:07:16', '2014-05-15 19:07:16', 'Fiora', 125.00, 40.00, 220.00, 54.50, 450.00, 85.00, 3.20, 19.00, 0.50, 5.50, 0.00, 1.25, 6.75, 3.00, 30.00, 350.00, -0.07, 0.00, 0.80, 3.50),
(67, 'Poppy', 78, '2014-05-15 19:07:16', '2014-05-15 19:07:16', 'Poppy', 125.00, 30.00, 185.00, 56.30, 423.00, 81.00, 3.38, 22.00, 0.45, 7.45, 0.00, 0.00, 6.40, 3.35, 30.00, 345.00, -0.02, 0.00, 0.55, 4.00),
(68, 'Ziggs', 115, '2014-05-15 19:07:16', '2014-05-15 19:07:16', 'Ziggs', 550.00, 50.00, 250.00, 51.00, 390.00, 80.00, 3.10, 16.00, 0.60, 5.25, 0.00, 0.00, 6.75, 2.00, 30.00, 330.00, -0.05, 0.00, 0.60, 3.30),
(69, 'Udyr', 77, '2014-05-15 19:07:16', '2014-05-15 19:07:16', 'Udyr', 125.00, 30.00, 220.00, 52.91, 427.00, 99.00, 3.20, 18.75, 0.45, 7.45, 0.00, 1.25, 6.75, 2.67, 30.00, 345.00, -0.05, 0.00, 0.75, 4.00),
(70, 'Viktor', 112, '2014-05-15 19:07:16', '2014-05-15 19:07:16', 'Viktor', 525.00, 50.00, 240.00, 49.00, 385.00, 78.00, 3.00, 16.00, 0.45, 6.75, 0.00, 0.00, 6.90, 2.11, 30.00, 335.00, 0.00, 0.00, 0.65, 4.00),
(71, 'Sejuani', 113, '2014-05-15 19:07:16', '2014-05-15 19:07:16', 'Sejuani', 125.00, 40.00, 220.00, 52.00, 440.00, 95.00, 3.30, 24.50, 0.45, 7.25, 0.00, 1.25, 6.45, 1.44, 30.00, 340.00, -0.07, 0.00, 0.85, 3.00),
(72, 'Varus', 110, '2014-05-15 19:07:16', '2014-05-15 19:07:16', 'Varus', 575.00, 36.00, 250.00, 46.00, 400.00, 82.00, 3.00, 17.50, 0.50, 4.50, 0.00, 0.00, 6.50, 3.00, 30.00, 330.00, -0.05, 0.00, 0.55, 3.40),
(73, 'Nautilus', 111, '2014-05-15 19:07:16', '2014-05-15 19:07:16', 'Nautilus', 175.00, 50.00, 200.00, 52.00, 432.00, 86.00, 3.30, 21.00, 0.70, 7.45, 0.00, 1.25, 7.45, 1.00, 30.00, 325.00, 0.02, 0.00, 0.55, 3.25),
(74, 'Draven', 119, '2014-05-15 19:07:16', '2014-05-15 19:07:16', 'Draven', 550.00, 42.00, 240.00, 46.50, 420.00, 82.00, 3.50, 20.00, 0.65, 5.00, 0.00, 0.00, 6.95, 2.70, 30.00, 330.00, -0.08, 0.00, 0.70, 3.30),
(75, 'Mordekaiser', 82, '2014-05-15 19:07:16', '2014-05-15 19:07:16', 'Mordekaiser', 125.00, 0.00, 120.00, 51.70, 421.00, 80.00, 3.50, 19.00, 0.00, 7.45, 0.00, 1.25, 0.00, 3.00, 30.00, 340.00, -0.10, 0.00, 0.55, 3.50),
(76, 'Yorick', 83, '2014-05-15 19:07:16', '2014-05-15 19:07:16', 'Yorick', 125.00, 35.00, 235.00, 51.70, 421.00, 85.00, 3.50, 19.00, 0.45, 7.00, 0.00, 1.25, 6.00, 3.00, 30.00, 345.00, 0.00, 0.00, 0.70, 3.60),
(77, 'Pantheon', 80, '2014-05-15 19:07:16', '2014-05-15 19:07:16', 'Pantheon', 150.00, 34.00, 210.00, 50.70, 433.00, 87.00, 2.90, 21.10, 0.45, 6.75, 0.00, 1.25, 6.60, 2.95, 30.00, 355.00, -0.08, 0.00, 0.65, 3.90),
(78, 'Ezreal', 81, '2014-05-15 19:07:16', '2014-05-15 19:07:16', 'Ezreal', 550.00, 45.00, 235.00, 47.20, 350.00, 80.00, 3.00, 16.00, 0.65, 5.50, 0.00, 0.00, 7.00, 2.80, 30.00, 325.00, 0.00, 0.00, 0.55, 3.50),
(79, 'Garen', 86, '2014-05-15 19:07:16', '2014-05-15 19:07:16', 'Garen', 125.00, 0.00, 0.00, 52.00, 455.00, 96.00, 3.50, 23.00, 0.00, 7.00, 0.00, 1.25, 0.00, 2.90, 30.00, 345.00, 0.00, 0.00, 0.50, 2.70),
(80, 'Akali', 84, '2014-05-15 19:07:16', '2014-05-15 19:07:16', 'Akali', 125.00, 0.00, 200.00, 53.00, 445.00, 85.00, 3.20, 20.50, 0.00, 7.25, 0.00, 1.25, 50.00, 3.10, 30.00, 350.00, -0.10, 0.00, 0.65, 3.50),
(81, 'Kennen', 85, '2014-05-15 19:07:16', '2014-05-15 19:07:16', 'Kennen', 550.00, 0.00, 200.00, 47.00, 403.00, 79.00, 3.30, 18.00, 0.00, 4.50, 0.00, 0.00, 50.00, 3.40, 30.00, 335.00, -0.09, 0.00, 0.65, 3.75),
(82, 'Vayne', 67, '2014-05-15 19:07:16', '2014-05-15 19:07:16', 'Vayne', 550.00, 35.00, 173.00, 50.00, 359.00, 83.00, 3.25, 13.30, 0.40, 4.50, 0.00, 0.00, 6.30, 3.10, 30.00, 330.00, -0.05, 0.00, 0.55, 3.40),
(83, 'Jayce', 126, '2014-05-15 19:07:16', '2014-05-15 19:07:16', 'Jayce', 125.00, 40.00, 240.00, 46.50, 420.00, 90.00, 3.50, 16.50, 0.70, 6.00, 0.00, 0.00, 7.00, 3.00, 30.00, 335.00, -0.05, 0.00, 0.80, 3.50),
(84, 'Cassiopeia', 69, '2014-05-15 19:07:16', '2014-05-15 19:07:16', 'Cassiopeia', 550.00, 50.00, 250.00, 47.00, 380.00, 75.00, 3.20, 15.50, 0.75, 4.85, 0.00, 0.00, 7.10, 1.68, 30.00, 335.00, -0.03, 0.00, 0.50, 4.00),
(85, 'Lissandra', 127, '2014-05-15 19:07:16', '2014-05-15 19:07:16', 'Lissandra', 550.00, 50.00, 220.00, 48.00, 365.00, 84.00, 2.70, 14.00, 0.40, 6.00, 0.00, 0.00, 5.00, 1.36, 30.00, 325.00, 0.00, 0.00, 0.55, 3.70),
(86, 'Rumble', 68, '2014-05-15 19:07:16', '2014-05-15 19:07:16', 'Rumble', 125.00, 0.00, 100.00, 55.66, 450.00, 80.00, 3.20, 20.00, 0.00, 7.00, 0.00, 1.25, 0.00, 1.85, 30.00, 345.00, -0.03, 0.00, 0.60, 3.50),
(87, 'Kha''Zix', 121, '2014-05-15 19:07:16', '2014-05-15 19:07:16', 'Khazix', 125.00, 40.00, 260.00, 50.00, 430.00, 85.00, 3.10, 19.00, 0.50, 6.25, 0.00, 1.25, 6.75, 2.70, 30.00, 350.00, -0.06, 0.00, 0.75, 3.00),
(88, 'Darius', 122, '2014-05-15 19:07:16', '2014-05-15 19:07:16', 'Darius', 125.00, 37.50, 200.00, 50.00, 426.00, 93.00, 3.50, 24.00, 0.35, 8.25, 0.00, 1.25, 6.00, 2.65, 30.00, 340.00, -0.08, 0.00, 0.95, 3.50),
(89, 'Hecarim', 120, '2014-05-15 19:07:16', '2014-05-15 19:07:16', 'Hecarim', 175.00, 40.00, 210.00, 56.00, 440.00, 95.00, 3.20, 20.00, 0.60, 8.00, 0.00, 1.25, 6.50, 2.50, 30.00, 345.00, -0.07, 0.00, 0.75, 4.00),
(90, 'Skarner', 72, '2014-05-15 19:07:16', '2014-05-15 19:07:16', 'Skarner', 125.00, 40.00, 205.00, 54.10, 440.00, 96.00, 4.20, 23.00, 0.45, 7.50, 0.00, 1.25, 6.45, 2.10, 30.00, 345.00, 0.00, 0.00, 0.85, 3.80),
(91, 'Lucian', 236, '2014-05-15 19:07:16', '2014-05-15 19:07:16', 'Lucian', 550.00, 41.00, 230.00, 46.00, 390.00, 80.00, 3.00, 19.00, 0.70, 5.10, 0.00, 0.00, 7.00, 3.30, 30.00, 330.00, -0.02, 0.00, 0.65, 3.00),
(92, 'Heimerdinger', 74, '2014-05-15 19:07:16', '2014-05-15 19:07:16', 'Heimerdinger', 550.00, 40.00, 240.00, 53.00, 350.00, 75.00, 2.70, 14.00, 0.60, 0.00, 0.00, 0.00, 6.00, 1.36, 30.00, 340.00, 0.00, 0.00, 0.60, 3.00),
(93, 'Zed', 238, '2014-05-15 19:07:16', '2014-05-15 19:07:16', 'Zed', 125.00, 0.00, 200.00, 49.00, 445.00, 80.00, 3.40, 21.00, 0.00, 6.00, 0.00, 1.25, 50.00, 3.10, 30.00, 345.00, -0.05, 0.00, 0.65, 3.50),
(94, 'Nasus', 75, '2014-05-15 19:07:16', '2014-05-15 19:07:16', 'Nasus', 125.00, 45.00, 200.00, 53.30, 410.00, 90.00, 3.50, 19.00, 0.50, 7.50, 0.00, 1.25, 6.60, 3.48, 30.00, 350.00, -0.02, 0.00, 0.90, 3.50),
(95, 'Nidalee', 76, '2014-05-15 19:07:16', '2014-05-15 19:07:16', 'Nidalee', 525.00, 45.00, 220.00, 49.00, 370.00, 90.00, 3.50, 15.00, 0.50, 5.00, 0.00, 0.00, 7.00, 3.22, 30.00, 335.00, -0.07, 0.00, 0.60, 3.50),
(96, 'Syndra', 134, '2014-05-15 19:07:16', '2014-05-15 19:07:16', 'Syndra', 550.00, 50.00, 250.00, 51.00, 380.00, 78.00, 2.90, 19.00, 0.60, 5.50, 0.00, 0.00, 6.90, 2.00, 30.00, 330.00, 0.00, 0.00, 0.60, 3.40),
(97, 'Jarvan IV', 59, '2014-05-15 19:07:16', '2014-05-15 19:07:16', 'JarvanIV', 175.00, 40.00, 235.00, 50.00, 420.00, 90.00, 3.40, 18.00, 0.45, 7.00, 0.00, 1.25, 6.00, 2.50, 30.00, 340.00, -0.05, 0.00, 0.70, 3.60),
(98, 'Quinn', 133, '2014-05-15 19:07:16', '2014-05-15 19:07:16', 'Quinn', 525.00, 35.00, 210.00, 48.00, 390.00, 85.00, 3.00, 17.50, 0.40, 4.50, 0.00, 0.00, 6.30, 3.10, 30.00, 335.00, -0.06, 0.00, 0.55, 3.50),
(99, 'Renekton', 58, '2014-05-15 19:07:16', '2014-05-15 19:07:16', 'Renekton', 125.00, 0.00, 100.00, 53.12, 426.00, 87.00, 3.10, 19.20, 0.00, 6.70, 0.00, 1.25, 0.00, 2.65, 30.00, 345.00, -0.06, 0.00, 0.75, 3.80),
(100, 'Maokai', 57, '2014-05-15 19:07:16', '2014-05-15 19:07:16', 'Maokai', 125.00, 46.00, 250.00, 58.00, 421.00, 90.00, 3.30, 22.00, 0.45, 7.25, 0.00, 0.00, 6.45, 2.12, 30.00, 335.00, -0.10, 0.00, 0.85, 4.00),
(101, 'Nocturne', 56, '2014-05-15 19:07:16', '2014-05-15 19:07:16', 'Nocturne', 125.00, 35.00, 215.00, 54.00, 440.00, 85.00, 3.10, 21.00, 0.45, 7.00, 0.00, 1.25, 6.00, 2.70, 30.00, 345.00, -0.06, 0.00, 0.75, 3.50),
(102, 'Katarina', 55, '2014-05-15 19:07:16', '2014-05-15 19:07:16', 'Katarina', 125.00, 0.00, 0.00, 53.00, 425.00, 80.00, 3.20, 21.00, 0.00, 6.95, 0.00, 1.25, 0.00, 2.74, 30.00, 345.00, -0.05, 0.00, 0.55, 3.50),
(103, 'Lee Sin', 64, '2014-05-15 19:07:16', '2014-05-15 19:07:16', 'LeeSin', 125.00, 0.00, 200.00, 55.80, 428.00, 85.00, 3.20, 20.00, 0.00, 6.25, 0.00, 1.25, 50.00, 3.00, 30.00, 350.00, -0.04, 0.00, 0.70, 3.70),
(104, 'Wukong', 62, '2014-05-15 19:07:16', '2014-05-15 19:07:16', 'MonkeyKing', 175.00, 38.00, 202.00, 54.50, 435.00, 85.00, 3.20, 19.00, 0.65, 5.10, 0.00, 1.25, 6.95, 3.00, 30.00, 345.00, -0.05, 0.00, 0.65, 3.50),
(105, 'Brand', 63, '2014-05-15 19:07:16', '2014-05-15 19:07:16', 'Brand', 550.00, 45.00, 250.00, 52.00, 380.00, 76.00, 3.00, 16.00, 0.60, 4.50, 0.00, 0.00, 7.00, 1.36, 30.00, 340.00, 0.00, 0.00, 0.55, 3.50),
(106, 'Diana', 131, '2014-05-15 19:07:16', '2014-05-15 19:07:16', 'Diana', 150.00, 40.00, 230.00, 48.00, 438.00, 90.00, 3.00, 20.00, 0.60, 6.00, 0.00, 1.25, 7.00, 2.25, 30.00, 345.00, 0.00, 0.00, 0.85, 3.60),
(107, 'Elise', 60, '2014-05-15 19:07:16', '2014-05-15 19:07:16', 'Elise', 550.00, 50.00, 240.00, 47.50, 395.00, 80.00, 3.00, 16.50, 0.65, 4.70, 0.00, 0.00, 6.80, 1.75, 30.00, 335.00, 0.00, 0.00, 0.60, 3.35),
(108, 'Nami', 267, '2014-05-15 19:07:16', '2014-05-15 19:07:16', 'Nami', 550.00, 43.00, 305.00, 48.00, 365.00, 74.00, 3.10, 13.00, 0.60, 4.50, 0.00, 0.00, 6.90, 2.61, 30.00, 340.00, -0.03, 0.00, 0.55, 4.00),
(109, 'Aatrox', 266, '2014-05-15 19:07:16', '2014-05-15 19:07:16', 'Aatrox', 150.00, 45.00, 30.00, 55.00, 395.00, 85.00, 3.20, 18.00, 0.00, 5.75, 0.00, 1.25, 0.00, 3.00, 30.00, 345.00, -0.04, 0.00, 0.50, 3.80),
(110, 'Orianna', 61, '2014-05-15 19:07:16', '2014-05-15 19:07:16', 'Orianna', 525.00, 50.00, 250.00, 44.00, 385.00, 79.00, 2.60, 12.00, 0.50, 5.95, 0.00, 0.00, 7.00, 3.50, 30.00, 325.00, -0.05, 0.00, 0.55, 3.00),
(111, 'Zyra', 143, '2014-05-15 19:07:16', '2014-05-15 19:07:16', 'Zyra', 575.00, 50.00, 250.00, 50.00, 355.00, 74.00, 3.20, 15.00, 0.75, 4.85, 0.00, 0.00, 7.10, 2.11, 30.00, 325.00, 0.00, 0.00, 0.50, 3.00),
(112, 'Trundle', 48, '2014-05-15 19:07:16', '2014-05-15 19:07:16', 'Trundle', 125.00, 45.00, 206.00, 55.00, 455.00, 96.00, 3.00, 23.00, 0.60, 8.00, 0.00, 1.25, 6.50, 2.90, 30.00, 350.00, -0.07, 0.00, 0.85, 2.70),
(113, 'Veigar', 45, '2014-05-15 19:07:16', '2014-05-15 19:07:16', 'Veigar', 525.00, 55.00, 250.00, 48.30, 355.00, 82.00, 2.62, 16.25, 0.60, 4.50, 0.00, 0.00, 6.90, 2.24, 30.00, 340.00, 0.00, 0.00, 0.55, 3.75),
(114, 'Taric', 44, '2014-05-15 19:07:16', '2014-05-15 19:07:16', 'Taric', 125.00, 56.00, 255.00, 52.00, 468.00, 90.00, 3.50, 20.50, 0.40, 7.10, 0.00, 1.25, 4.10, 2.02, 30.00, 340.00, 0.00, 0.00, 0.50, 3.20),
(115, 'Caitlyn', 51, '2014-05-15 19:07:16', '2014-05-15 19:07:16', 'Caitlyn', 650.00, 35.00, 255.00, 47.00, 390.00, 80.00, 3.00, 17.00, 0.55, 4.75, 0.00, 0.00, 6.50, 4.00, 30.00, 325.00, 0.00, 0.00, 0.55, 3.50),
(116, 'Blitzcrank', 53, '2014-05-15 19:07:16', '2014-05-15 19:07:16', 'Blitzcrank', 125.00, 40.00, 200.00, 55.66, 423.00, 95.00, 3.50, 18.50, 0.50, 7.25, 0.00, 1.25, 6.60, 1.13, 30.00, 325.00, 0.00, 0.00, 0.75, 3.50),
(117, 'Malphite', 54, '2014-05-15 19:07:16', '2014-05-15 19:07:16', 'Malphite', 125.00, 40.00, 215.00, 56.30, 423.00, 90.00, 3.38, 22.00, 0.55, 7.45, 0.00, 1.25, 6.40, 3.40, 30.00, 335.00, -0.02, 0.00, 0.55, 3.75),
(118, 'Vi', 254, '2014-05-15 19:07:16', '2014-05-15 19:07:16', 'Vi', 125.00, 45.00, 220.00, 50.00, 440.00, 85.00, 3.50, 20.00, 0.65, 7.50, 0.00, 1.25, 7.00, 2.50, 30.00, 350.00, -0.03, 0.00, 0.90, 3.50),
(119, 'Swain', 50, '2014-05-15 19:07:16', '2014-05-15 19:07:16', 'Swain', 500.00, 50.00, 240.00, 49.00, 385.00, 78.00, 3.00, 16.00, 0.65, 6.75, 0.00, 0.00, 6.80, 2.11, 30.00, 335.00, 0.00, 0.00, 0.65, 4.00);

-- --------------------------------------------------------

--
-- Tabellenstruktur für Tabelle `dailies`
--

CREATE TABLE IF NOT EXISTS `dailies` (
  `id` int(10) unsigned NOT NULL AUTO_INCREMENT,
  `quest_id` int(11) NOT NULL,
  `type_id` int(11) NOT NULL,
  `active` int(11) NOT NULL,
  `created_at` timestamp NOT NULL DEFAULT '0000-00-00 00:00:00',
  `updated_at` timestamp NOT NULL DEFAULT '0000-00-00 00:00:00',
  `champion_id` int(11) NOT NULL DEFAULT '0',
  PRIMARY KEY (`id`)
) ENGINE=MyISAM  DEFAULT CHARSET=utf8 COLLATE=utf8_unicode_ci AUTO_INCREMENT=26 ;

--
-- Daten für Tabelle `dailies`
--

INSERT INTO `dailies` (`id`, `quest_id`, `type_id`, `active`, `created_at`, `updated_at`, `champion_id`) VALUES
(1, 0, 3, 0, '2014-05-02 13:43:08', '2014-05-02 13:47:13', 60),
(2, 0, 2, 0, '2014-05-02 13:47:13', '2014-05-05 07:34:10', 19),
(3, 0, 8, 0, '2014-05-05 07:34:10', '2014-05-05 07:39:53', 26),
(4, 0, 7, 0, '2014-05-05 07:39:53', '2014-05-05 07:49:02', 51),
(5, 0, 6, 0, '2014-05-05 07:49:02', '2014-05-05 07:50:01', 36),
(6, 0, 8, 0, '2014-05-05 07:50:01', '2014-05-05 07:51:02', 113),
(7, 0, 6, 0, '2014-05-05 07:51:02', '2014-05-05 07:52:01', 9),
(8, 0, 8, 0, '2014-05-05 07:52:01', '2014-05-05 22:00:39', 18),
(9, 0, 5, 0, '2014-05-05 22:00:39', '2014-05-06 07:02:17', 43),
(10, 0, 4, 0, '2014-05-06 07:02:17', '2014-05-06 07:02:25', 26),
(11, 0, 6, 0, '2014-05-06 07:02:25', '2014-05-06 22:00:33', 7),
(12, 0, 6, 0, '2014-05-06 22:00:34', '2014-05-07 22:00:40', 80),
(13, 0, 1, 0, '2014-05-07 22:00:41', '2014-05-08 11:43:37', 26),
(14, 0, 5, 0, '2014-05-08 11:43:37', '2014-05-08 11:55:44', 3),
(15, 0, 4, 0, '2014-05-08 11:55:44', '2014-05-08 22:00:31', 1),
(16, 0, 7, 0, '2014-05-08 22:00:32', '2014-05-09 22:00:22', 39),
(17, 0, 4, 0, '2014-05-09 22:00:23', '2014-05-10 22:00:33', 89),
(18, 0, 7, 0, '2014-05-10 22:00:33', '2014-05-11 22:00:42', 82),
(19, 0, 8, 0, '2014-05-11 22:00:42', '2014-05-12 22:00:27', 98),
(20, 0, 7, 0, '2014-05-12 22:00:27', '2014-05-13 22:00:21', 45),
(21, 0, 5, 0, '2014-05-13 22:00:22', '2014-05-14 22:00:28', 157),
(22, 0, 7, 0, '2014-05-14 22:00:29', '2014-05-15 22:00:30', 34),
(23, 0, 4, 0, '2014-05-15 22:00:30', '2014-05-16 22:00:27', 63),
(24, 0, 2, 0, '2014-05-16 22:00:27', '2014-05-17 22:01:06', 9),
(25, 0, 5, 1, '2014-05-17 22:01:07', '2014-05-17 22:01:07', 111);

-- --------------------------------------------------------

--
-- Tabellenstruktur für Tabelle `friend_user`
--

CREATE TABLE IF NOT EXISTS `friend_user` (
  `id` int(10) unsigned NOT NULL AUTO_INCREMENT,
  `friend_id` int(10) unsigned NOT NULL,
  `user_id` int(10) unsigned NOT NULL,
  `created_at` timestamp NOT NULL DEFAULT '0000-00-00 00:00:00',
  `updated_at` timestamp NOT NULL DEFAULT '0000-00-00 00:00:00',
  `validate` int(11) NOT NULL DEFAULT '0',
  PRIMARY KEY (`id`),
  KEY `friend_user_friend_id_index` (`friend_id`),
  KEY `friend_user_user_id_index` (`user_id`)
) ENGINE=MyISAM  DEFAULT CHARSET=utf8 COLLATE=utf8_unicode_ci AUTO_INCREMENT=43 ;

--
-- Daten für Tabelle `friend_user`
--

INSERT INTO `friend_user` (`id`, `friend_id`, `user_id`, `created_at`, `updated_at`, `validate`) VALUES
(42, 3, 20, '0000-00-00 00:00:00', '0000-00-00 00:00:00', 0),
(41, 20, 3, '0000-00-00 00:00:00', '0000-00-00 00:00:00', 0);

-- --------------------------------------------------------

--
-- Tabellenstruktur für Tabelle `games`
--

CREATE TABLE IF NOT EXISTS `games` (
  `id` int(10) unsigned NOT NULL AUTO_INCREMENT,
  `summoner_id` int(11) NOT NULL,
  `totalDamageDealtToChampions` int(11) NOT NULL,
  `goldEarned` int(11) NOT NULL,
  `item0` int(11) NOT NULL,
  `item1` int(11) NOT NULL,
  `item2` int(11) NOT NULL,
  `item3` int(11) NOT NULL,
  `item4` int(11) NOT NULL,
  `item5` int(11) NOT NULL,
  `item6` int(11) NOT NULL,
  `wardPlaced` int(11) NOT NULL,
  `totalDamageTaken` int(11) NOT NULL,
  `trueDamageDealtPlayer` int(11) NOT NULL,
  `physicalDamageDealtPlayer` int(11) NOT NULL,
  `trueDamageDealtToChampions` int(11) NOT NULL,
  `totalUnitsHealed` int(11) NOT NULL,
  `largestCriticalStrike` int(11) NOT NULL,
  `level` int(11) NOT NULL,
  `neutralMinionsKilledYourJungle` int(11) NOT NULL,
  `magicDamageDealtToChampions` int(11) NOT NULL,
  `magicDamageDealtPlayer` int(11) NOT NULL,
  `neutralMinionsKilledEnemyJungle` int(11) NOT NULL,
  `assists` int(11) NOT NULL,
  `magicDamageTaken` int(11) NOT NULL,
  `numDeaths` int(11) NOT NULL,
  `totalTimeCrowdControlDealt` int(11) NOT NULL,
  `largestMultiKill` int(11) NOT NULL,
  `physicalDamageTaken` int(11) NOT NULL,
  `win` tinyint(1) NOT NULL,
  `team` int(11) NOT NULL,
  `totalDamageDealt` int(11) NOT NULL,
  `totalHeal` int(11) NOT NULL,
  `minionsKilled` int(11) NOT NULL,
  `timePlayed` int(11) NOT NULL,
  `physicalDamageDealtToChampions` int(11) NOT NULL,
  `championsKilled` int(11) NOT NULL,
  `trueDamageTaken` int(11) NOT NULL,
  `neutralMinionsKilled` int(11) NOT NULL,
  `goldSpent` int(11) NOT NULL,
  `gameId` int(11) NOT NULL,
  `ipEarned` int(11) NOT NULL,
  `spell1` int(11) NOT NULL,
  `spell2` int(11) NOT NULL,
  `teamId` int(11) NOT NULL,
  `gameMode` varchar(255) COLLATE utf8_unicode_ci NOT NULL,
  `mapId` int(11) NOT NULL,
  `invalid` tinyint(1) NOT NULL,
  `subType` varchar(255) COLLATE utf8_unicode_ci NOT NULL,
  `createDate` bigint(11) NOT NULL,
  `championId` int(11) NOT NULL,
  `created_at` timestamp NOT NULL DEFAULT '0000-00-00 00:00:00',
  `updated_at` timestamp NOT NULL DEFAULT '0000-00-00 00:00:00',
  PRIMARY KEY (`id`)
) ENGINE=MyISAM  DEFAULT CHARSET=utf8 COLLATE=utf8_unicode_ci AUTO_INCREMENT=57 ;

--
-- Daten für Tabelle `games`
--

INSERT INTO `games` (`id`, `summoner_id`, `totalDamageDealtToChampions`, `goldEarned`, `item0`, `item1`, `item2`, `item3`, `item4`, `item5`, `item6`, `wardPlaced`, `totalDamageTaken`, `trueDamageDealtPlayer`, `physicalDamageDealtPlayer`, `trueDamageDealtToChampions`, `totalUnitsHealed`, `largestCriticalStrike`, `level`, `neutralMinionsKilledYourJungle`, `magicDamageDealtToChampions`, `magicDamageDealtPlayer`, `neutralMinionsKilledEnemyJungle`, `assists`, `magicDamageTaken`, `numDeaths`, `totalTimeCrowdControlDealt`, `largestMultiKill`, `physicalDamageTaken`, `win`, `team`, `totalDamageDealt`, `totalHeal`, `minionsKilled`, `timePlayed`, `physicalDamageDealtToChampions`, `championsKilled`, `trueDamageTaken`, `neutralMinionsKilled`, `goldSpent`, `gameId`, `ipEarned`, `spell1`, `spell2`, `teamId`, `gameMode`, `mapId`, `invalid`, `subType`, `createDate`, `championId`, `created_at`, `updated_at`) VALUES
(1, 20986542, 0, 7046, 1055, 2003, 3072, 3006, 3057, 2044, 3340, 5, 0, 0, 0, 0, 0, 0, 0, 0, 0, 0, 0, 3, 0, 4, 0, 0, 0, 0, 0, 0, 0, 140, 0, 0, 1, 0, 0, 0, 1471750431, 0, 7, 4, 0, 'CLASSIC', 0, 0, '', 1399926860843, 81, '2014-05-14 08:47:34', '2014-05-14 08:47:34'),
(2, 20986542, 0, 19066, 3035, 3156, 3006, 3209, 3026, 3072, 3340, 13, 0, 0, 0, 0, 0, 0, 0, 0, 0, 0, 0, 17, 0, 8, 0, 0, 0, 1, 0, 0, 0, 78, 0, 0, 17, 0, 80, 0, 1471693945, 0, 11, 4, 0, 'CLASSIC', 0, 0, '', 1399924464291, 121, '2014-05-14 08:47:34', '2014-05-14 08:47:34'),
(3, 20986542, 0, 10291, 3222, 3023, 2045, 3020, 3098, 1026, 3341, 22, 0, 0, 0, 0, 0, 0, 0, 0, 0, 0, 0, 21, 0, 4, 0, 0, 0, 1, 0, 0, 0, 18, 0, 0, 0, 0, 5, 0, 1470391334, 0, 3, 4, 0, 'CLASSIC', 0, 0, '', 1399837555739, 43, '2014-05-14 08:47:34', '2014-05-14 08:47:34'),
(4, 20986542, 0, 6140, 3222, 2049, 3303, 3191, 1001, 1058, 3341, 14, 0, 0, 0, 0, 0, 0, 0, 0, 0, 0, 0, 5, 0, 6, 0, 0, 0, 0, 0, 0, 0, 18, 0, 0, 1, 0, 0, 0, 1470305139, 0, 3, 4, 0, 'CLASSIC', 0, 0, '', 1399835181223, 25, '2014-05-14 08:47:34', '2014-05-14 08:47:34'),
(5, 20986542, 0, 11722, 3401, 2045, 3143, 3047, 3068, 1057, 3341, 25, 0, 0, 0, 0, 0, 0, 0, 0, 0, 0, 0, 17, 0, 2, 0, 0, 0, 1, 0, 0, 0, 57, 0, 0, 4, 0, 0, 0, 1470233522, 0, 3, 4, 0, 'CLASSIC', 0, 0, '', 1399832606215, 89, '2014-05-14 08:47:34', '2014-05-14 08:47:34'),
(6, 20986542, 0, 3601, 3097, 0, 2045, 1001, 0, 0, 3341, 7, 0, 0, 0, 0, 0, 0, 0, 0, 0, 0, 0, 2, 0, 8, 0, 0, 0, 0, 0, 0, 0, 16, 0, 0, 0, 0, 0, 0, 1470076747, 0, 3, 4, 0, 'CLASSIC', 0, 0, '', 1399827164194, 412, '2014-05-14 08:47:34', '2014-05-14 08:47:34'),
(7, 20986542, 0, 7823, 1055, 2003, 3087, 3006, 3072, 0, 3340, 5, 0, 0, 0, 0, 0, 0, 0, 0, 0, 0, 0, 4, 0, 4, 0, 0, 0, 0, 0, 0, 0, 124, 0, 0, 4, 0, 5, 0, 1470017212, 0, 7, 4, 0, 'CLASSIC', 0, 0, '', 1399825489776, 222, '2014-05-14 08:47:34', '2014-05-14 08:47:34'),
(8, 20986542, 0, 11430, 1055, 3035, 3006, 3072, 3087, 1038, 3340, 6, 0, 0, 0, 0, 0, 0, 0, 0, 0, 0, 0, 6, 0, 7, 0, 0, 0, 0, 0, 0, 0, 212, 0, 0, 4, 0, 4, 0, 1469321778, 0, 7, 4, 0, 'CLASSIC', 0, 0, '', 1399807851821, 222, '2014-05-14 08:47:34', '2014-05-14 08:47:34'),
(9, 20986542, 0, 12502, 3143, 3074, 3065, 3207, 0, 3117, 3340, 9, 0, 0, 0, 0, 0, 0, 0, 0, 0, 0, 0, 9, 0, 4, 0, 0, 0, 0, 0, 0, 0, 81, 0, 0, 5, 0, 99, 0, 1467711253, 0, 11, 4, 0, 'CLASSIC', 0, 0, '', 1399723061854, 64, '2014-05-14 08:47:34', '2014-05-14 08:47:34'),
(10, 20986542, 0, 4825, 2003, 3153, 3006, 1055, 0, 0, 3340, 1, 0, 0, 0, 0, 0, 0, 0, 0, 0, 0, 0, 1, 0, 7, 0, 0, 0, 0, 0, 0, 0, 64, 0, 0, 2, 0, 1, 0, 1467681898, 0, 7, 4, 0, 'CLASSIC', 0, 0, '', 1399720117293, 67, '2014-05-14 08:47:34', '2014-05-14 08:47:34'),
(11, 20990714, 0, 5272, 3174, 2003, 3020, 0, 1026, 0, 0, 1, 0, 0, 0, 0, 0, 0, 0, 0, 0, 0, 0, 0, 0, 6, 0, 0, 0, 0, 0, 0, 0, 110, 0, 0, 2, 0, 4, 0, 1467681898, 0, 4, 14, 0, 'CLASSIC', 0, 0, '', 1399720117294, 134, '2014-05-14 19:29:39', '2014-05-14 19:29:39'),
(12, 20990714, 0, 12657, 2049, 3157, 3028, 3275, 1011, 3151, 3340, 29, 0, 0, 0, 0, 0, 0, 0, 0, 0, 0, 0, 19, 0, 5, 0, 0, 0, 1, 0, 0, 0, 90, 0, 0, 2, 0, 0, 0, 1467091463, 0, 4, 14, 0, 'CLASSIC', 0, 0, '', 1399680416107, 25, '2014-05-14 19:29:39', '2014-05-14 19:29:39'),
(13, 20990714, 0, 7316, 3078, 3144, 3047, 1055, 0, 0, 3340, 7, 0, 0, 0, 0, 0, 0, 0, 0, 0, 0, 0, 0, 0, 0, 0, 0, 0, 1, 0, 0, 0, 144, 0, 0, 4, 0, 1, 0, 1467052104, 0, 4, 14, 0, 'CLASSIC', 0, 0, '', 1399677106213, 24, '2014-05-14 19:29:39', '2014-05-14 19:29:39'),
(14, 20990714, 0, 9276, 3065, 3153, 1036, 0, 1055, 3111, 3340, 9, 0, 0, 0, 0, 0, 0, 0, 0, 0, 0, 0, 1, 0, 4, 0, 0, 0, 0, 0, 0, 0, 172, 0, 0, 2, 0, 12, 0, 1466986997, 0, 4, 14, 0, 'CLASSIC', 0, 0, '', 1399675194552, 102, '2014-05-14 19:29:39', '2014-05-14 19:29:39'),
(15, 20990714, 0, 15442, 3040, 3157, 3158, 3116, 3151, 3067, 0, 0, 0, 0, 0, 0, 0, 0, 0, 0, 0, 0, 0, 22, 0, 13, 0, 0, 0, 1, 0, 0, 0, 91, 0, 0, 11, 0, 0, 0, 1463786242, 0, 4, 21, 0, 'ARAM', 0, 0, '', 1399498589445, 25, '2014-05-14 19:29:39', '2014-05-14 19:29:39'),
(16, 20990714, 0, 11883, 2049, 3157, 2043, 1056, 3275, 3151, 3340, 24, 0, 0, 0, 0, 0, 0, 0, 0, 0, 0, 0, 15, 0, 4, 0, 0, 0, 1, 0, 0, 0, 79, 0, 0, 4, 0, 7, 0, 1463726308, 0, 4, 3, 0, 'CLASSIC', 0, 0, '', 1399496061749, 25, '2014-05-14 19:29:39', '2014-05-14 19:29:39'),
(17, 20990714, 0, 17738, 3083, 3068, 3065, 3265, 3143, 3050, 3362, 6, 0, 0, 0, 0, 0, 0, 0, 0, 0, 0, 0, 17, 0, 6, 0, 0, 0, 0, 0, 0, 0, 257, 0, 0, 12, 0, 10, 0, 1463607574, 0, 4, 14, 0, 'CLASSIC', 0, 0, '', 1399492591818, 36, '2014-05-14 19:29:39', '2014-05-14 19:29:39'),
(18, 20990714, 0, 8595, 3135, 3157, 3158, 1052, 0, 0, 0, 0, 0, 0, 0, 0, 0, 0, 0, 0, 0, 0, 0, 11, 0, 7, 0, 0, 0, 1, 0, 0, 0, 32, 0, 0, 5, 0, 0, 0, 1462657675, 0, 4, 21, 0, 'ARAM', 0, 0, '', 1399459493176, 55, '2014-05-14 19:29:39', '2014-05-14 19:29:39'),
(19, 20990714, 0, 12811, 3006, 3153, 3031, 3087, 0, 0, 2052, 0, 0, 0, 0, 0, 0, 0, 0, 0, 0, 0, 0, 20, 0, 9, 0, 0, 0, 1, 0, 0, 0, 73, 0, 0, 18, 0, 0, 0, 1462562674, 0, 4, 21, 0, 'ARAM', 0, 0, '', 1399423079880, 42, '2014-05-14 19:29:39', '2014-05-14 19:29:39'),
(20, 20990714, 0, 14773, 3040, 3116, 3151, 3089, 3279, 2003, 2052, 0, 0, 0, 0, 0, 0, 0, 0, 0, 0, 0, 0, 25, 0, 9, 0, 0, 0, 0, 0, 0, 0, 79, 0, 0, 5, 0, 0, 0, 1461554411, 0, 4, 7, 0, 'ARAM', 0, 0, '', 1399390233062, 26, '2014-05-14 19:29:39', '2014-05-14 19:29:39'),
(21, 29430180, 0, 6683, 1056, 3003, 3041, 3108, 1001, 3114, 3340, 2, 0, 0, 0, 0, 0, 0, 0, 0, 0, 0, 0, 11, 0, 0, 0, 0, 0, 1, 0, 0, 0, 49, 0, 0, 5, 0, 1, 0, 1470368482, 0, 12, 4, 0, 'CLASSIC', 0, 0, '', 1399837215240, 76, '2014-05-14 20:07:35', '2014-05-14 20:07:35'),
(22, 29430180, 0, 14701, 3111, 3153, 3143, 3078, 3211, 1028, 3340, 11, 0, 0, 0, 0, 0, 0, 0, 0, 0, 0, 0, 5, 0, 4, 0, 0, 0, 1, 0, 0, 0, 208, 0, 0, 8, 0, 4, 0, 1468085404, 0, 14, 4, 0, 'CLASSIC', 0, 0, '', 1399767465540, 24, '2014-05-14 20:07:35', '2014-05-14 20:07:35'),
(23, 29430180, 0, 13016, 3009, 3069, 2049, 3110, 3057, 3065, 3341, 43, 0, 0, 0, 0, 0, 0, 0, 0, 0, 0, 0, 7, 0, 3, 0, 0, 0, 0, 0, 0, 0, 31, 0, 0, 0, 0, 1, 0, 1468913428, 0, 3, 4, 0, 'CLASSIC', 0, 0, '', 1399761430003, 53, '2014-05-14 20:07:35', '2014-05-14 20:07:35'),
(24, 29430180, 0, 11248, 3046, 3153, 1037, 3006, 1038, 0, 0, 0, 0, 0, 0, 0, 0, 0, 0, 0, 0, 0, 0, 18, 0, 4, 0, 0, 0, 1, 0, 0, 0, 51, 0, 0, 11, 0, 0, 0, 1468851537, 0, 7, 4, 0, 'ARAM', 0, 0, '', 1399756878479, 67, '2014-05-14 20:07:35', '2014-05-14 20:07:35'),
(25, 29430180, 0, 13835, 3027, 3069, 2049, 3111, 3110, 3211, 3340, 35, 0, 0, 0, 0, 0, 0, 0, 0, 0, 0, 0, 19, 0, 6, 0, 0, 0, 0, 0, 0, 0, 17, 0, 0, 1, 0, 0, 0, 1467011035, 0, 7, 4, 0, 'CLASSIC', 0, 0, '', 1399675657843, 25, '2014-05-14 20:07:35', '2014-05-14 20:07:35'),
(26, 29430180, 0, 10743, 3069, 3222, 2049, 3023, 3158, 1029, 3341, 23, 0, 0, 0, 0, 0, 0, 0, 0, 0, 0, 0, 18, 0, 2, 0, 0, 0, 1, 0, 0, 0, 5, 0, 0, 0, 0, 0, 0, 1466942869, 0, 3, 4, 0, 'CLASSIC', 0, 0, '', 1399672188231, 40, '2014-05-14 20:07:35', '2014-05-14 20:07:35'),
(27, 29430180, 0, 5238, 2010, 3222, 2049, 3158, 3096, 0, 3340, 11, 0, 0, 0, 0, 0, 0, 0, 0, 0, 0, 0, 2, 0, 2, 0, 0, 0, 0, 0, 0, 0, 1, 0, 0, 0, 0, 0, 0, 1466892849, 0, 3, 4, 0, 'CLASSIC', 0, 0, '', 1399669582233, 37, '2014-05-14 20:07:35', '2014-05-14 20:07:35'),
(28, 29430180, 0, 11287, 3087, 3153, 3006, 3031, 0, 0, 0, 0, 0, 0, 0, 0, 0, 0, 0, 0, 0, 0, 0, 9, 0, 14, 0, 0, 0, 0, 0, 0, 0, 44, 0, 0, 13, 0, 0, 0, 1466634896, 0, 7, 4, 0, 'ARAM', 0, 0, '', 1399660364800, 11, '2014-05-14 20:07:35', '2014-05-14 20:07:35'),
(29, 29430180, 0, 4759, 3098, 1001, 2049, 3010, 1026, 0, 3340, 10, 0, 0, 0, 0, 0, 0, 0, 0, 0, 0, 0, 0, 0, 4, 0, 0, 0, 0, 0, 0, 0, 6, 0, 0, 1, 0, 0, 0, 1466366307, 0, 3, 4, 0, 'CLASSIC', 0, 0, '', 1399656163153, 25, '2014-05-14 20:07:35', '2014-05-14 20:07:35'),
(30, 29430180, 0, 13484, 3065, 3004, 3035, 3111, 3124, 3082, 2052, 0, 0, 0, 0, 0, 0, 0, 0, 0, 0, 0, 0, 19, 0, 10, 0, 0, 0, 0, 0, 0, 0, 41, 0, 0, 12, 0, 0, 0, 1465848134, 0, 7, 4, 0, 'ARAM', 0, 0, '', 1399639751702, 412, '2014-05-14 20:07:35', '2014-05-14 20:07:35'),
(31, 46878672, 0, 16293, 3143, 3153, 3078, 3156, 3111, 1011, 3340, 1, 0, 0, 0, 0, 0, 0, 0, 0, 0, 0, 0, 17, 0, 5, 0, 0, 0, 1, 0, 0, 0, 197, 0, 0, 9, 0, 8, 0, 1471693945, 0, 14, 4, 0, 'CLASSIC', 0, 0, '', 1399924464289, 24, '2014-05-15 06:57:18', '2014-05-15 06:57:18'),
(32, 46878672, 0, 21480, 3072, 3250, 3035, 3046, 3031, 3085, 3340, 2, 0, 0, 0, 0, 0, 0, 0, 0, 0, 0, 0, 23, 0, 5, 0, 0, 0, 1, 0, 0, 0, 208, 0, 0, 18, 0, 36, 0, 1471585330, 0, 7, 4, 0, 'CLASSIC', 0, 0, '', 1399920869668, 110, '2014-05-15 06:57:18', '2014-05-15 06:57:18'),
(33, 46878672, 0, 6797, 3157, 2004, 3206, 3020, 2003, 0, 3341, 0, 0, 0, 0, 0, 0, 0, 0, 0, 0, 0, 0, 3, 0, 6, 0, 0, 0, 0, 0, 0, 0, 38, 0, 0, 2, 0, 48, 0, 1471508107, 0, 11, 4, 0, 'CLASSIC', 0, 0, '', 1399918035561, 9, '2014-05-15 06:57:18', '2014-05-15 06:57:18'),
(34, 46878672, 0, 12990, 3144, 3072, 3160, 3250, 1042, 3142, 3341, 1, 0, 0, 0, 0, 0, 0, 0, 0, 0, 0, 0, 10, 0, 7, 0, 0, 0, 1, 0, 0, 0, 40, 0, 0, 2, 0, 108, 0, 1471448708, 0, 11, 6, 0, 'CLASSIC', 0, 0, '', 1399915814940, 11, '2014-05-15 06:57:18', '2014-05-15 06:57:18'),
(35, 46878672, 0, 10316, 2003, 3022, 3160, 3111, 1011, 1028, 3341, 1, 0, 0, 0, 0, 0, 0, 0, 0, 0, 0, 0, 10, 0, 2, 0, 0, 0, 1, 0, 0, 0, 51, 0, 0, 4, 0, 64, 0, 1470391334, 0, 11, 4, 0, 'CLASSIC', 0, 0, '', 1399837555738, 254, '2014-05-15 06:57:18', '2014-05-15 06:57:18'),
(36, 46878672, 0, 6265, 2003, 2004, 3209, 3047, 1031, 1011, 3341, 0, 0, 0, 0, 0, 0, 0, 0, 0, 0, 0, 0, 5, 0, 4, 0, 0, 0, 0, 0, 0, 0, 21, 0, 0, 2, 0, 36, 0, 1470305139, 0, 11, 4, 0, 'CLASSIC', 0, 0, '', 1399835181221, 57, '2014-05-15 06:57:18', '2014-05-15 06:57:18'),
(37, 46878672, 0, 9438, 3091, 2004, 1001, 3087, 3065, 1057, 2052, 0, 0, 0, 0, 0, 0, 0, 0, 0, 0, 0, 0, 1, 0, 4, 0, 0, 0, 0, 0, 0, 0, 89, 0, 0, 4, 0, 0, 0, 1464389085, 0, 7, 4, 0, 'ARAM', 0, 0, '', 1399575588651, 412, '2014-05-15 06:57:18', '2014-05-15 06:57:18'),
(38, 46878672, 0, 11806, 0, 0, 3174, 3020, 3089, 3135, 0, 0, 0, 0, 0, 0, 0, 0, 0, 0, 0, 0, 0, 8, 0, 4, 0, 0, 0, 1, 0, 0, 0, 76, 0, 0, 4, 0, 0, 0, 1464388451, 0, 7, 4, 0, 'ARAM', 0, 0, '', 1399573955737, 115, '2014-05-15 06:57:18', '2014-05-15 06:57:18'),
(39, 46878672, 0, 6808, 1037, 0, 3072, 1036, 3006, 0, 3340, 7, 0, 0, 0, 0, 0, 0, 0, 0, 0, 0, 0, 5, 0, 5, 0, 0, 0, 0, 0, 0, 0, 126, 0, 0, 0, 0, 8, 0, 1464932357, 0, 7, 4, 0, 'CLASSIC', 0, 0, '', 1399571819862, 110, '2014-05-15 06:57:18', '2014-05-15 06:57:18'),
(40, 46878672, 0, 8520, 0, 2004, 3174, 3040, 0, 3020, 0, 0, 0, 0, 0, 0, 0, 0, 0, 0, 0, 0, 0, 15, 0, 4, 0, 0, 0, 1, 0, 0, 0, 24, 0, 0, 3, 0, 0, 0, 1464817834, 0, 7, 4, 0, 'ARAM', 0, 0, '', 1399566743019, 74, '2014-05-15 06:57:18', '2014-05-15 06:57:18'),
(41, 29430180, 0, 15167, 3087, 3035, 3072, 3006, 1038, 1037, 3340, 5, 0, 0, 0, 0, 0, 0, 0, 0, 0, 0, 0, 12, 0, 3, 0, 0, 0, 1, 0, 0, 0, 242, 0, 0, 8, 0, 9, 0, 1476371598, 0, 21, 4, 0, 'CLASSIC', 0, 0, '', 1400179026580, 222, '2014-05-15 18:39:02', '2014-05-15 18:39:02'),
(42, 29430180, 0, 24875, 3046, 3153, 3072, 3172, 3031, 3035, 3340, 2, 0, 0, 0, 0, 0, 0, 0, 0, 0, 0, 0, 11, 0, 4, 0, 0, 0, 1, 0, 0, 0, 237, 0, 0, 32, 0, 113, 0, 1475202134, 0, 12, 4, 0, 'CLASSIC', 0, 0, '', 1400109863522, 201, '2014-05-15 18:39:04', '2014-05-15 18:39:04'),
(43, 29430180, 0, 7063, 3144, 3077, 2003, 1055, 3117, 1042, 3340, 0, 0, 0, 0, 0, 0, 0, 0, 0, 0, 0, 0, 17, 0, 0, 0, 0, 0, 1, 0, 0, 0, 28, 0, 0, 5, 0, 11, 0, 1475334156, 0, 12, 4, 0, 'CLASSIC', 0, 0, '', 1400105763014, 201, '2014-05-15 18:39:04', '2014-05-15 18:39:04'),
(44, 29430180, 0, 7381, 3101, 3153, 1001, 1037, 0, 0, 3340, 1, 0, 0, 0, 0, 0, 0, 0, 0, 0, 0, 0, 13, 0, 0, 0, 0, 0, 1, 0, 0, 0, 26, 0, 0, 8, 0, 2, 0, 1473614440, 0, 12, 4, 0, 'CLASSIC', 0, 0, '', 1400017852824, 201, '2014-05-15 18:39:04', '2014-05-15 18:39:04'),
(45, 29430180, 0, 12324, 3065, 3401, 2049, 3269, 3068, 3082, 3340, 20, 0, 0, 0, 0, 0, 0, 0, 0, 0, 0, 0, 18, 0, 7, 0, 0, 0, 1, 0, 0, 0, 40, 0, 0, 0, 0, 0, 0, 1472185106, 0, 3, 4, 0, 'CLASSIC', 0, 0, '', 1399999898476, 201, '2014-05-15 18:39:06', '2014-05-15 18:39:06'),
(46, 29430180, 0, 13868, 3111, 3401, 3068, 3078, 3211, 3067, 3340, 2, 0, 0, 0, 0, 0, 0, 0, 0, 0, 0, 0, 6, 0, 2, 0, 0, 0, 1, 0, 0, 0, 128, 0, 0, 16, 0, 0, 0, 1472751153, 0, 12, 4, 0, 'CLASSIC', 0, 0, '', 1399996078622, 201, '2014-05-15 18:39:06', '2014-05-15 18:39:06'),
(47, 20986542, 0, 15101, 3100, 3124, 3115, 1026, 3020, 1058, 3340, 8, 0, 0, 0, 0, 0, 0, 0, 0, 0, 0, 0, 4, 0, 6, 0, 0, 0, 1, 0, 0, 0, 276, 0, 0, 5, 0, 4, 0, 1476418968, 0, 14, 4, 0, 'CLASSIC', 0, 0, '', 1400181898358, 10, '2014-05-15 19:34:40', '2014-05-15 19:34:40'),
(48, 20986542, 0, 11410, 3065, 2003, 3209, 3158, 3072, 1037, 3340, 11, 0, 0, 0, 0, 0, 0, 0, 0, 0, 0, 0, 6, 0, 11, 0, 0, 0, 0, 0, 0, 0, 66, 0, 0, 8, 0, 79, 0, 1475227998, 0, 11, 4, 0, 'CLASSIC', 0, 0, '', 1400101536469, 121, '2014-05-15 19:34:40', '2014-05-15 19:34:40'),
(49, 20986542, 0, 16334, 3143, 3074, 3068, 3065, 0, 3047, 3340, 15, 0, 0, 0, 0, 0, 0, 0, 0, 0, 0, 0, 17, 0, 6, 0, 0, 0, 0, 0, 0, 0, 90, 0, 0, 8, 0, 107, 0, 1474717602, 0, 11, 4, 0, 'CLASSIC', 0, 0, '', 1400093978720, 64, '2014-05-15 19:34:40', '2014-05-15 19:34:40'),
(50, 20986542, 0, 12499, 3143, 3190, 3134, 3207, 3117, 0, 3340, 13, 0, 0, 0, 0, 0, 0, 0, 0, 0, 0, 0, 17, 0, 7, 0, 0, 0, 1, 0, 0, 0, 35, 0, 0, 0, 0, 72, 0, 1474620177, 0, 11, 4, 0, 'CLASSIC', 0, 0, '', 1400090197427, 254, '2014-05-15 19:34:40', '2014-05-15 19:34:40'),
(51, 20986542, 0, 8920, 3401, 2045, 3143, 3047, 0, 0, 3341, 23, 0, 0, 0, 0, 0, 0, 0, 0, 0, 0, 0, 14, 0, 4, 0, 0, 0, 0, 0, 0, 0, 52, 0, 0, 0, 0, 1, 0, 1474576047, 0, 3, 4, 0, 'CLASSIC', 0, 0, '', 1400087057522, 89, '2014-05-15 19:34:40', '2014-05-15 19:34:40'),
(52, 20986542, 0, 13745, 3143, 3074, 3065, 1080, 3111, 0, 3340, 14, 0, 0, 0, 0, 0, 0, 0, 0, 0, 0, 0, 9, 0, 4, 0, 0, 0, 1, 0, 0, 0, 67, 0, 0, 8, 0, 105, 0, 1473504963, 0, 11, 4, 0, 'CLASSIC', 0, 0, '', 1400015034039, 64, '2014-05-15 19:34:40', '2014-05-15 19:34:40'),
(53, 20986542, 0, 11686, 3143, 1031, 3047, 3209, 3068, 1029, 3340, 10, 0, 0, 0, 0, 0, 0, 0, 0, 0, 0, 0, 7, 0, 4, 0, 0, 0, 1, 0, 0, 0, 56, 0, 0, 6, 0, 81, 0, 1473461879, 0, 11, 4, 0, 'CLASSIC', 0, 0, '', 1400012227162, 64, '2014-05-15 19:34:40', '2014-05-15 19:34:40'),
(54, 20986542, 0, 11856, 3143, 2003, 3068, 3206, 3111, 1031, 3340, 10, 0, 0, 0, 0, 0, 0, 0, 0, 0, 0, 0, 12, 0, 5, 0, 0, 0, 1, 0, 0, 0, 49, 0, 0, 6, 0, 86, 0, 1478031807, 0, 11, 4, 0, 'CLASSIC', 0, 0, '', 1400274710999, 32, '2014-05-16 21:13:16', '2014-05-16 21:13:16'),
(55, 20986542, 0, 6542, 2044, 3143, 1001, 1029, 3209, 0, 3340, 7, 0, 0, 0, 0, 0, 0, 0, 0, 0, 0, 0, 5, 0, 6, 0, 0, 0, 0, 0, 0, 0, 23, 0, 0, 4, 0, 39, 0, 1476594166, 0, 11, 4, 0, 'CLASSIC', 0, 0, '', 1400186943980, 80, '2014-05-16 21:13:16', '2014-05-16 21:13:16'),
(56, 20986542, 0, 12926, 3143, 3074, 3068, 1031, 3117, 1080, 3340, 10, 0, 0, 0, 0, 0, 0, 0, 0, 0, 0, 0, 11, 0, 8, 0, 0, 0, 1, 0, 0, 0, 85, 0, 0, 5, 0, 96, 0, 1476490107, 0, 11, 4, 0, 'CLASSIC', 0, 0, '', 1400185031427, 64, '2014-05-16 21:13:16', '2014-05-16 21:13:16');

-- --------------------------------------------------------

--
-- Tabellenstruktur für Tabelle `game_item`
--

CREATE TABLE IF NOT EXISTS `game_item` (
  `id` int(10) unsigned NOT NULL AUTO_INCREMENT,
  `game_id` int(10) unsigned NOT NULL,
  `item_id` int(10) unsigned NOT NULL,
  `created_at` timestamp NOT NULL DEFAULT '0000-00-00 00:00:00',
  `updated_at` timestamp NOT NULL DEFAULT '0000-00-00 00:00:00',
  PRIMARY KEY (`id`),
  KEY `game_item_game_id_index` (`game_id`),
  KEY `game_item_item_id_index` (`item_id`)
) ENGINE=MyISAM  DEFAULT CHARSET=utf8 COLLATE=utf8_unicode_ci AUTO_INCREMENT=393 ;

--
-- Daten für Tabelle `game_item`
--

INSERT INTO `game_item` (`id`, `game_id`, `item_id`, `created_at`, `updated_at`) VALUES
(1, 1, 1055, '0000-00-00 00:00:00', '0000-00-00 00:00:00'),
(2, 1, 2003, '0000-00-00 00:00:00', '0000-00-00 00:00:00'),
(3, 1, 3072, '0000-00-00 00:00:00', '0000-00-00 00:00:00'),
(4, 1, 3006, '0000-00-00 00:00:00', '0000-00-00 00:00:00'),
(5, 1, 3057, '0000-00-00 00:00:00', '0000-00-00 00:00:00'),
(6, 1, 2044, '0000-00-00 00:00:00', '0000-00-00 00:00:00'),
(7, 1, 3340, '0000-00-00 00:00:00', '0000-00-00 00:00:00'),
(8, 2, 3035, '0000-00-00 00:00:00', '0000-00-00 00:00:00'),
(9, 2, 3156, '0000-00-00 00:00:00', '0000-00-00 00:00:00'),
(10, 2, 3006, '0000-00-00 00:00:00', '0000-00-00 00:00:00'),
(11, 2, 3209, '0000-00-00 00:00:00', '0000-00-00 00:00:00'),
(12, 2, 3026, '0000-00-00 00:00:00', '0000-00-00 00:00:00'),
(13, 2, 3072, '0000-00-00 00:00:00', '0000-00-00 00:00:00'),
(14, 2, 3340, '0000-00-00 00:00:00', '0000-00-00 00:00:00'),
(15, 3, 3222, '0000-00-00 00:00:00', '0000-00-00 00:00:00'),
(16, 3, 3023, '0000-00-00 00:00:00', '0000-00-00 00:00:00'),
(17, 3, 2045, '0000-00-00 00:00:00', '0000-00-00 00:00:00'),
(18, 3, 3020, '0000-00-00 00:00:00', '0000-00-00 00:00:00'),
(19, 3, 3098, '0000-00-00 00:00:00', '0000-00-00 00:00:00'),
(20, 3, 1026, '0000-00-00 00:00:00', '0000-00-00 00:00:00'),
(21, 3, 3341, '0000-00-00 00:00:00', '0000-00-00 00:00:00'),
(22, 4, 3222, '0000-00-00 00:00:00', '0000-00-00 00:00:00'),
(23, 4, 2049, '0000-00-00 00:00:00', '0000-00-00 00:00:00'),
(24, 4, 3303, '0000-00-00 00:00:00', '0000-00-00 00:00:00'),
(25, 4, 3191, '0000-00-00 00:00:00', '0000-00-00 00:00:00'),
(26, 4, 1001, '0000-00-00 00:00:00', '0000-00-00 00:00:00'),
(27, 4, 1058, '0000-00-00 00:00:00', '0000-00-00 00:00:00'),
(28, 4, 3341, '0000-00-00 00:00:00', '0000-00-00 00:00:00'),
(29, 5, 3401, '0000-00-00 00:00:00', '0000-00-00 00:00:00'),
(30, 5, 2045, '0000-00-00 00:00:00', '0000-00-00 00:00:00'),
(31, 5, 3143, '0000-00-00 00:00:00', '0000-00-00 00:00:00'),
(32, 5, 3047, '0000-00-00 00:00:00', '0000-00-00 00:00:00'),
(33, 5, 3068, '0000-00-00 00:00:00', '0000-00-00 00:00:00'),
(34, 5, 1057, '0000-00-00 00:00:00', '0000-00-00 00:00:00'),
(35, 5, 3341, '0000-00-00 00:00:00', '0000-00-00 00:00:00'),
(36, 6, 3097, '0000-00-00 00:00:00', '0000-00-00 00:00:00'),
(37, 6, 0, '0000-00-00 00:00:00', '0000-00-00 00:00:00'),
(38, 6, 2045, '0000-00-00 00:00:00', '0000-00-00 00:00:00'),
(39, 6, 1001, '0000-00-00 00:00:00', '0000-00-00 00:00:00'),
(40, 6, 0, '0000-00-00 00:00:00', '0000-00-00 00:00:00'),
(41, 6, 0, '0000-00-00 00:00:00', '0000-00-00 00:00:00'),
(42, 6, 3341, '0000-00-00 00:00:00', '0000-00-00 00:00:00'),
(43, 7, 1055, '0000-00-00 00:00:00', '0000-00-00 00:00:00'),
(44, 7, 2003, '0000-00-00 00:00:00', '0000-00-00 00:00:00'),
(45, 7, 3087, '0000-00-00 00:00:00', '0000-00-00 00:00:00'),
(46, 7, 3006, '0000-00-00 00:00:00', '0000-00-00 00:00:00'),
(47, 7, 3072, '0000-00-00 00:00:00', '0000-00-00 00:00:00'),
(48, 7, 0, '0000-00-00 00:00:00', '0000-00-00 00:00:00'),
(49, 7, 3340, '0000-00-00 00:00:00', '0000-00-00 00:00:00'),
(50, 8, 1055, '0000-00-00 00:00:00', '0000-00-00 00:00:00'),
(51, 8, 3035, '0000-00-00 00:00:00', '0000-00-00 00:00:00'),
(52, 8, 3006, '0000-00-00 00:00:00', '0000-00-00 00:00:00'),
(53, 8, 3072, '0000-00-00 00:00:00', '0000-00-00 00:00:00'),
(54, 8, 3087, '0000-00-00 00:00:00', '0000-00-00 00:00:00'),
(55, 8, 1038, '0000-00-00 00:00:00', '0000-00-00 00:00:00'),
(56, 8, 3340, '0000-00-00 00:00:00', '0000-00-00 00:00:00'),
(57, 9, 3143, '0000-00-00 00:00:00', '0000-00-00 00:00:00'),
(58, 9, 3074, '0000-00-00 00:00:00', '0000-00-00 00:00:00'),
(59, 9, 3065, '0000-00-00 00:00:00', '0000-00-00 00:00:00'),
(60, 9, 3207, '0000-00-00 00:00:00', '0000-00-00 00:00:00'),
(61, 9, 0, '0000-00-00 00:00:00', '0000-00-00 00:00:00'),
(62, 9, 3117, '0000-00-00 00:00:00', '0000-00-00 00:00:00'),
(63, 9, 3340, '0000-00-00 00:00:00', '0000-00-00 00:00:00'),
(64, 10, 2003, '0000-00-00 00:00:00', '0000-00-00 00:00:00'),
(65, 10, 3153, '0000-00-00 00:00:00', '0000-00-00 00:00:00'),
(66, 10, 3006, '0000-00-00 00:00:00', '0000-00-00 00:00:00'),
(67, 10, 1055, '0000-00-00 00:00:00', '0000-00-00 00:00:00'),
(68, 10, 0, '0000-00-00 00:00:00', '0000-00-00 00:00:00'),
(69, 10, 0, '0000-00-00 00:00:00', '0000-00-00 00:00:00'),
(70, 10, 3340, '0000-00-00 00:00:00', '0000-00-00 00:00:00'),
(71, 11, 3174, '0000-00-00 00:00:00', '0000-00-00 00:00:00'),
(72, 11, 2003, '0000-00-00 00:00:00', '0000-00-00 00:00:00'),
(73, 11, 3020, '0000-00-00 00:00:00', '0000-00-00 00:00:00'),
(74, 11, 0, '0000-00-00 00:00:00', '0000-00-00 00:00:00'),
(75, 11, 1026, '0000-00-00 00:00:00', '0000-00-00 00:00:00'),
(76, 11, 0, '0000-00-00 00:00:00', '0000-00-00 00:00:00'),
(77, 11, 0, '0000-00-00 00:00:00', '0000-00-00 00:00:00'),
(78, 12, 2049, '0000-00-00 00:00:00', '0000-00-00 00:00:00'),
(79, 12, 3157, '0000-00-00 00:00:00', '0000-00-00 00:00:00'),
(80, 12, 3028, '0000-00-00 00:00:00', '0000-00-00 00:00:00'),
(81, 12, 3275, '0000-00-00 00:00:00', '0000-00-00 00:00:00'),
(82, 12, 1011, '0000-00-00 00:00:00', '0000-00-00 00:00:00'),
(83, 12, 3151, '0000-00-00 00:00:00', '0000-00-00 00:00:00'),
(84, 12, 3340, '0000-00-00 00:00:00', '0000-00-00 00:00:00'),
(85, 13, 3078, '0000-00-00 00:00:00', '0000-00-00 00:00:00'),
(86, 13, 3144, '0000-00-00 00:00:00', '0000-00-00 00:00:00'),
(87, 13, 3047, '0000-00-00 00:00:00', '0000-00-00 00:00:00'),
(88, 13, 1055, '0000-00-00 00:00:00', '0000-00-00 00:00:00'),
(89, 13, 0, '0000-00-00 00:00:00', '0000-00-00 00:00:00'),
(90, 13, 0, '0000-00-00 00:00:00', '0000-00-00 00:00:00'),
(91, 13, 3340, '0000-00-00 00:00:00', '0000-00-00 00:00:00'),
(92, 14, 3065, '0000-00-00 00:00:00', '0000-00-00 00:00:00'),
(93, 14, 3153, '0000-00-00 00:00:00', '0000-00-00 00:00:00'),
(94, 14, 1036, '0000-00-00 00:00:00', '0000-00-00 00:00:00'),
(95, 14, 0, '0000-00-00 00:00:00', '0000-00-00 00:00:00'),
(96, 14, 1055, '0000-00-00 00:00:00', '0000-00-00 00:00:00'),
(97, 14, 3111, '0000-00-00 00:00:00', '0000-00-00 00:00:00'),
(98, 14, 3340, '0000-00-00 00:00:00', '0000-00-00 00:00:00'),
(99, 15, 3040, '0000-00-00 00:00:00', '0000-00-00 00:00:00'),
(100, 15, 3157, '0000-00-00 00:00:00', '0000-00-00 00:00:00'),
(101, 15, 3158, '0000-00-00 00:00:00', '0000-00-00 00:00:00'),
(102, 15, 3116, '0000-00-00 00:00:00', '0000-00-00 00:00:00'),
(103, 15, 3151, '0000-00-00 00:00:00', '0000-00-00 00:00:00'),
(104, 15, 3067, '0000-00-00 00:00:00', '0000-00-00 00:00:00'),
(105, 15, 0, '0000-00-00 00:00:00', '0000-00-00 00:00:00'),
(106, 16, 2049, '0000-00-00 00:00:00', '0000-00-00 00:00:00'),
(107, 16, 3157, '0000-00-00 00:00:00', '0000-00-00 00:00:00'),
(108, 16, 2043, '0000-00-00 00:00:00', '0000-00-00 00:00:00'),
(109, 16, 1056, '0000-00-00 00:00:00', '0000-00-00 00:00:00'),
(110, 16, 3275, '0000-00-00 00:00:00', '0000-00-00 00:00:00'),
(111, 16, 3151, '0000-00-00 00:00:00', '0000-00-00 00:00:00'),
(112, 16, 3340, '0000-00-00 00:00:00', '0000-00-00 00:00:00'),
(113, 17, 3083, '0000-00-00 00:00:00', '0000-00-00 00:00:00'),
(114, 17, 3068, '0000-00-00 00:00:00', '0000-00-00 00:00:00'),
(115, 17, 3065, '0000-00-00 00:00:00', '0000-00-00 00:00:00'),
(116, 17, 3265, '0000-00-00 00:00:00', '0000-00-00 00:00:00'),
(117, 17, 3143, '0000-00-00 00:00:00', '0000-00-00 00:00:00'),
(118, 17, 3050, '0000-00-00 00:00:00', '0000-00-00 00:00:00'),
(119, 17, 3362, '0000-00-00 00:00:00', '0000-00-00 00:00:00'),
(120, 18, 3135, '0000-00-00 00:00:00', '0000-00-00 00:00:00'),
(121, 18, 3157, '0000-00-00 00:00:00', '0000-00-00 00:00:00'),
(122, 18, 3158, '0000-00-00 00:00:00', '0000-00-00 00:00:00'),
(123, 18, 1052, '0000-00-00 00:00:00', '0000-00-00 00:00:00'),
(124, 18, 0, '0000-00-00 00:00:00', '0000-00-00 00:00:00'),
(125, 18, 0, '0000-00-00 00:00:00', '0000-00-00 00:00:00'),
(126, 18, 0, '0000-00-00 00:00:00', '0000-00-00 00:00:00'),
(127, 19, 3006, '0000-00-00 00:00:00', '0000-00-00 00:00:00'),
(128, 19, 3153, '0000-00-00 00:00:00', '0000-00-00 00:00:00'),
(129, 19, 3031, '0000-00-00 00:00:00', '0000-00-00 00:00:00'),
(130, 19, 3087, '0000-00-00 00:00:00', '0000-00-00 00:00:00'),
(131, 19, 0, '0000-00-00 00:00:00', '0000-00-00 00:00:00'),
(132, 19, 0, '0000-00-00 00:00:00', '0000-00-00 00:00:00'),
(133, 19, 2052, '0000-00-00 00:00:00', '0000-00-00 00:00:00'),
(134, 20, 3040, '0000-00-00 00:00:00', '0000-00-00 00:00:00'),
(135, 20, 3116, '0000-00-00 00:00:00', '0000-00-00 00:00:00'),
(136, 20, 3151, '0000-00-00 00:00:00', '0000-00-00 00:00:00'),
(137, 20, 3089, '0000-00-00 00:00:00', '0000-00-00 00:00:00'),
(138, 20, 3279, '0000-00-00 00:00:00', '0000-00-00 00:00:00'),
(139, 20, 2003, '0000-00-00 00:00:00', '0000-00-00 00:00:00'),
(140, 20, 2052, '0000-00-00 00:00:00', '0000-00-00 00:00:00'),
(141, 21, 1056, '0000-00-00 00:00:00', '0000-00-00 00:00:00'),
(142, 21, 3003, '0000-00-00 00:00:00', '0000-00-00 00:00:00'),
(143, 21, 3041, '0000-00-00 00:00:00', '0000-00-00 00:00:00'),
(144, 21, 3108, '0000-00-00 00:00:00', '0000-00-00 00:00:00'),
(145, 21, 1001, '0000-00-00 00:00:00', '0000-00-00 00:00:00'),
(146, 21, 3114, '0000-00-00 00:00:00', '0000-00-00 00:00:00'),
(147, 21, 3340, '0000-00-00 00:00:00', '0000-00-00 00:00:00'),
(148, 22, 3111, '0000-00-00 00:00:00', '0000-00-00 00:00:00'),
(149, 22, 3153, '0000-00-00 00:00:00', '0000-00-00 00:00:00'),
(150, 22, 3143, '0000-00-00 00:00:00', '0000-00-00 00:00:00'),
(151, 22, 3078, '0000-00-00 00:00:00', '0000-00-00 00:00:00'),
(152, 22, 3211, '0000-00-00 00:00:00', '0000-00-00 00:00:00'),
(153, 22, 1028, '0000-00-00 00:00:00', '0000-00-00 00:00:00'),
(154, 22, 3340, '0000-00-00 00:00:00', '0000-00-00 00:00:00'),
(155, 23, 3009, '0000-00-00 00:00:00', '0000-00-00 00:00:00'),
(156, 23, 3069, '0000-00-00 00:00:00', '0000-00-00 00:00:00'),
(157, 23, 2049, '0000-00-00 00:00:00', '0000-00-00 00:00:00'),
(158, 23, 3110, '0000-00-00 00:00:00', '0000-00-00 00:00:00'),
(159, 23, 3057, '0000-00-00 00:00:00', '0000-00-00 00:00:00'),
(160, 23, 3065, '0000-00-00 00:00:00', '0000-00-00 00:00:00'),
(161, 23, 3341, '0000-00-00 00:00:00', '0000-00-00 00:00:00'),
(162, 24, 3046, '0000-00-00 00:00:00', '0000-00-00 00:00:00'),
(163, 24, 3153, '0000-00-00 00:00:00', '0000-00-00 00:00:00'),
(164, 24, 1037, '0000-00-00 00:00:00', '0000-00-00 00:00:00'),
(165, 24, 3006, '0000-00-00 00:00:00', '0000-00-00 00:00:00'),
(166, 24, 1038, '0000-00-00 00:00:00', '0000-00-00 00:00:00'),
(167, 24, 0, '0000-00-00 00:00:00', '0000-00-00 00:00:00'),
(168, 24, 0, '0000-00-00 00:00:00', '0000-00-00 00:00:00'),
(169, 25, 3027, '0000-00-00 00:00:00', '0000-00-00 00:00:00'),
(170, 25, 3069, '0000-00-00 00:00:00', '0000-00-00 00:00:00'),
(171, 25, 2049, '0000-00-00 00:00:00', '0000-00-00 00:00:00'),
(172, 25, 3111, '0000-00-00 00:00:00', '0000-00-00 00:00:00'),
(173, 25, 3110, '0000-00-00 00:00:00', '0000-00-00 00:00:00'),
(174, 25, 3211, '0000-00-00 00:00:00', '0000-00-00 00:00:00'),
(175, 25, 3340, '0000-00-00 00:00:00', '0000-00-00 00:00:00'),
(176, 26, 3069, '0000-00-00 00:00:00', '0000-00-00 00:00:00'),
(177, 26, 3222, '0000-00-00 00:00:00', '0000-00-00 00:00:00'),
(178, 26, 2049, '0000-00-00 00:00:00', '0000-00-00 00:00:00'),
(179, 26, 3023, '0000-00-00 00:00:00', '0000-00-00 00:00:00'),
(180, 26, 3158, '0000-00-00 00:00:00', '0000-00-00 00:00:00'),
(181, 26, 1029, '0000-00-00 00:00:00', '0000-00-00 00:00:00'),
(182, 26, 3341, '0000-00-00 00:00:00', '0000-00-00 00:00:00'),
(183, 27, 2010, '0000-00-00 00:00:00', '0000-00-00 00:00:00'),
(184, 27, 3222, '0000-00-00 00:00:00', '0000-00-00 00:00:00'),
(185, 27, 2049, '0000-00-00 00:00:00', '0000-00-00 00:00:00'),
(186, 27, 3158, '0000-00-00 00:00:00', '0000-00-00 00:00:00'),
(187, 27, 3096, '0000-00-00 00:00:00', '0000-00-00 00:00:00'),
(188, 27, 0, '0000-00-00 00:00:00', '0000-00-00 00:00:00'),
(189, 27, 3340, '0000-00-00 00:00:00', '0000-00-00 00:00:00'),
(190, 28, 3087, '0000-00-00 00:00:00', '0000-00-00 00:00:00'),
(191, 28, 3153, '0000-00-00 00:00:00', '0000-00-00 00:00:00'),
(192, 28, 3006, '0000-00-00 00:00:00', '0000-00-00 00:00:00'),
(193, 28, 3031, '0000-00-00 00:00:00', '0000-00-00 00:00:00'),
(194, 28, 0, '0000-00-00 00:00:00', '0000-00-00 00:00:00'),
(195, 28, 0, '0000-00-00 00:00:00', '0000-00-00 00:00:00'),
(196, 28, 0, '0000-00-00 00:00:00', '0000-00-00 00:00:00'),
(197, 29, 3098, '0000-00-00 00:00:00', '0000-00-00 00:00:00'),
(198, 29, 1001, '0000-00-00 00:00:00', '0000-00-00 00:00:00'),
(199, 29, 2049, '0000-00-00 00:00:00', '0000-00-00 00:00:00'),
(200, 29, 3010, '0000-00-00 00:00:00', '0000-00-00 00:00:00'),
(201, 29, 1026, '0000-00-00 00:00:00', '0000-00-00 00:00:00'),
(202, 29, 0, '0000-00-00 00:00:00', '0000-00-00 00:00:00'),
(203, 29, 3340, '0000-00-00 00:00:00', '0000-00-00 00:00:00'),
(204, 30, 3065, '0000-00-00 00:00:00', '0000-00-00 00:00:00'),
(205, 30, 3004, '0000-00-00 00:00:00', '0000-00-00 00:00:00'),
(206, 30, 3035, '0000-00-00 00:00:00', '0000-00-00 00:00:00'),
(207, 30, 3111, '0000-00-00 00:00:00', '0000-00-00 00:00:00'),
(208, 30, 3124, '0000-00-00 00:00:00', '0000-00-00 00:00:00'),
(209, 30, 3082, '0000-00-00 00:00:00', '0000-00-00 00:00:00'),
(210, 30, 2052, '0000-00-00 00:00:00', '0000-00-00 00:00:00'),
(211, 31, 3143, '0000-00-00 00:00:00', '0000-00-00 00:00:00'),
(212, 31, 3153, '0000-00-00 00:00:00', '0000-00-00 00:00:00'),
(213, 31, 3078, '0000-00-00 00:00:00', '0000-00-00 00:00:00'),
(214, 31, 3156, '0000-00-00 00:00:00', '0000-00-00 00:00:00'),
(215, 31, 3111, '0000-00-00 00:00:00', '0000-00-00 00:00:00'),
(216, 31, 1011, '0000-00-00 00:00:00', '0000-00-00 00:00:00'),
(217, 31, 3340, '0000-00-00 00:00:00', '0000-00-00 00:00:00'),
(218, 32, 3072, '0000-00-00 00:00:00', '0000-00-00 00:00:00'),
(219, 32, 3250, '0000-00-00 00:00:00', '0000-00-00 00:00:00'),
(220, 32, 3035, '0000-00-00 00:00:00', '0000-00-00 00:00:00'),
(221, 32, 3046, '0000-00-00 00:00:00', '0000-00-00 00:00:00'),
(222, 32, 3031, '0000-00-00 00:00:00', '0000-00-00 00:00:00'),
(223, 32, 3085, '0000-00-00 00:00:00', '0000-00-00 00:00:00'),
(224, 32, 3340, '0000-00-00 00:00:00', '0000-00-00 00:00:00'),
(225, 33, 3157, '0000-00-00 00:00:00', '0000-00-00 00:00:00'),
(226, 33, 2004, '0000-00-00 00:00:00', '0000-00-00 00:00:00'),
(227, 33, 3206, '0000-00-00 00:00:00', '0000-00-00 00:00:00'),
(228, 33, 3020, '0000-00-00 00:00:00', '0000-00-00 00:00:00'),
(229, 33, 2003, '0000-00-00 00:00:00', '0000-00-00 00:00:00'),
(230, 33, 0, '0000-00-00 00:00:00', '0000-00-00 00:00:00'),
(231, 33, 3341, '0000-00-00 00:00:00', '0000-00-00 00:00:00'),
(232, 34, 3144, '0000-00-00 00:00:00', '0000-00-00 00:00:00'),
(233, 34, 3072, '0000-00-00 00:00:00', '0000-00-00 00:00:00'),
(234, 34, 3160, '0000-00-00 00:00:00', '0000-00-00 00:00:00'),
(235, 34, 3250, '0000-00-00 00:00:00', '0000-00-00 00:00:00'),
(236, 34, 1042, '0000-00-00 00:00:00', '0000-00-00 00:00:00'),
(237, 34, 3142, '0000-00-00 00:00:00', '0000-00-00 00:00:00'),
(238, 34, 3341, '0000-00-00 00:00:00', '0000-00-00 00:00:00'),
(239, 35, 2003, '0000-00-00 00:00:00', '0000-00-00 00:00:00'),
(240, 35, 3022, '0000-00-00 00:00:00', '0000-00-00 00:00:00'),
(241, 35, 3160, '0000-00-00 00:00:00', '0000-00-00 00:00:00'),
(242, 35, 3111, '0000-00-00 00:00:00', '0000-00-00 00:00:00'),
(243, 35, 1011, '0000-00-00 00:00:00', '0000-00-00 00:00:00'),
(244, 35, 1028, '0000-00-00 00:00:00', '0000-00-00 00:00:00'),
(245, 35, 3341, '0000-00-00 00:00:00', '0000-00-00 00:00:00'),
(246, 36, 2003, '0000-00-00 00:00:00', '0000-00-00 00:00:00'),
(247, 36, 2004, '0000-00-00 00:00:00', '0000-00-00 00:00:00'),
(248, 36, 3209, '0000-00-00 00:00:00', '0000-00-00 00:00:00'),
(249, 36, 3047, '0000-00-00 00:00:00', '0000-00-00 00:00:00'),
(250, 36, 1031, '0000-00-00 00:00:00', '0000-00-00 00:00:00'),
(251, 36, 1011, '0000-00-00 00:00:00', '0000-00-00 00:00:00'),
(252, 36, 3341, '0000-00-00 00:00:00', '0000-00-00 00:00:00'),
(253, 37, 3091, '0000-00-00 00:00:00', '0000-00-00 00:00:00'),
(254, 37, 2004, '0000-00-00 00:00:00', '0000-00-00 00:00:00'),
(255, 37, 1001, '0000-00-00 00:00:00', '0000-00-00 00:00:00'),
(256, 37, 3087, '0000-00-00 00:00:00', '0000-00-00 00:00:00'),
(257, 37, 3065, '0000-00-00 00:00:00', '0000-00-00 00:00:00'),
(258, 37, 1057, '0000-00-00 00:00:00', '0000-00-00 00:00:00'),
(259, 37, 2052, '0000-00-00 00:00:00', '0000-00-00 00:00:00'),
(260, 38, 0, '0000-00-00 00:00:00', '0000-00-00 00:00:00'),
(261, 38, 0, '0000-00-00 00:00:00', '0000-00-00 00:00:00'),
(262, 38, 3174, '0000-00-00 00:00:00', '0000-00-00 00:00:00'),
(263, 38, 3020, '0000-00-00 00:00:00', '0000-00-00 00:00:00'),
(264, 38, 3089, '0000-00-00 00:00:00', '0000-00-00 00:00:00'),
(265, 38, 3135, '0000-00-00 00:00:00', '0000-00-00 00:00:00'),
(266, 38, 0, '0000-00-00 00:00:00', '0000-00-00 00:00:00'),
(267, 39, 1037, '0000-00-00 00:00:00', '0000-00-00 00:00:00'),
(268, 39, 0, '0000-00-00 00:00:00', '0000-00-00 00:00:00'),
(269, 39, 3072, '0000-00-00 00:00:00', '0000-00-00 00:00:00'),
(270, 39, 1036, '0000-00-00 00:00:00', '0000-00-00 00:00:00'),
(271, 39, 3006, '0000-00-00 00:00:00', '0000-00-00 00:00:00'),
(272, 39, 0, '0000-00-00 00:00:00', '0000-00-00 00:00:00'),
(273, 39, 3340, '0000-00-00 00:00:00', '0000-00-00 00:00:00'),
(274, 40, 0, '0000-00-00 00:00:00', '0000-00-00 00:00:00'),
(275, 40, 2004, '0000-00-00 00:00:00', '0000-00-00 00:00:00'),
(276, 40, 3174, '0000-00-00 00:00:00', '0000-00-00 00:00:00'),
(277, 40, 3040, '0000-00-00 00:00:00', '0000-00-00 00:00:00'),
(278, 40, 0, '0000-00-00 00:00:00', '0000-00-00 00:00:00'),
(279, 40, 3020, '0000-00-00 00:00:00', '0000-00-00 00:00:00'),
(280, 40, 0, '0000-00-00 00:00:00', '0000-00-00 00:00:00'),
(281, 41, 3087, '0000-00-00 00:00:00', '0000-00-00 00:00:00'),
(282, 41, 3035, '0000-00-00 00:00:00', '0000-00-00 00:00:00'),
(283, 41, 3072, '0000-00-00 00:00:00', '0000-00-00 00:00:00'),
(284, 41, 3006, '0000-00-00 00:00:00', '0000-00-00 00:00:00'),
(285, 41, 1038, '0000-00-00 00:00:00', '0000-00-00 00:00:00'),
(286, 41, 1037, '0000-00-00 00:00:00', '0000-00-00 00:00:00'),
(287, 41, 3340, '0000-00-00 00:00:00', '0000-00-00 00:00:00'),
(288, 42, 3046, '0000-00-00 00:00:00', '0000-00-00 00:00:00'),
(289, 42, 3153, '0000-00-00 00:00:00', '0000-00-00 00:00:00'),
(290, 42, 3072, '0000-00-00 00:00:00', '0000-00-00 00:00:00'),
(291, 42, 3172, '0000-00-00 00:00:00', '0000-00-00 00:00:00'),
(292, 42, 3031, '0000-00-00 00:00:00', '0000-00-00 00:00:00'),
(293, 42, 3035, '0000-00-00 00:00:00', '0000-00-00 00:00:00'),
(294, 42, 3340, '0000-00-00 00:00:00', '0000-00-00 00:00:00'),
(295, 43, 3144, '0000-00-00 00:00:00', '0000-00-00 00:00:00'),
(296, 43, 3077, '0000-00-00 00:00:00', '0000-00-00 00:00:00'),
(297, 43, 2003, '0000-00-00 00:00:00', '0000-00-00 00:00:00'),
(298, 43, 1055, '0000-00-00 00:00:00', '0000-00-00 00:00:00'),
(299, 43, 3117, '0000-00-00 00:00:00', '0000-00-00 00:00:00'),
(300, 43, 1042, '0000-00-00 00:00:00', '0000-00-00 00:00:00'),
(301, 43, 3340, '0000-00-00 00:00:00', '0000-00-00 00:00:00'),
(302, 44, 3101, '0000-00-00 00:00:00', '0000-00-00 00:00:00'),
(303, 44, 3153, '0000-00-00 00:00:00', '0000-00-00 00:00:00'),
(304, 44, 1001, '0000-00-00 00:00:00', '0000-00-00 00:00:00'),
(305, 44, 1037, '0000-00-00 00:00:00', '0000-00-00 00:00:00'),
(306, 44, 0, '0000-00-00 00:00:00', '0000-00-00 00:00:00'),
(307, 44, 0, '0000-00-00 00:00:00', '0000-00-00 00:00:00'),
(308, 44, 3340, '0000-00-00 00:00:00', '0000-00-00 00:00:00'),
(309, 45, 3065, '0000-00-00 00:00:00', '0000-00-00 00:00:00'),
(310, 45, 3401, '0000-00-00 00:00:00', '0000-00-00 00:00:00'),
(311, 45, 2049, '0000-00-00 00:00:00', '0000-00-00 00:00:00'),
(312, 45, 3269, '0000-00-00 00:00:00', '0000-00-00 00:00:00'),
(313, 45, 3068, '0000-00-00 00:00:00', '0000-00-00 00:00:00'),
(314, 45, 3082, '0000-00-00 00:00:00', '0000-00-00 00:00:00'),
(315, 45, 3340, '0000-00-00 00:00:00', '0000-00-00 00:00:00'),
(316, 46, 3111, '0000-00-00 00:00:00', '0000-00-00 00:00:00'),
(317, 46, 3401, '0000-00-00 00:00:00', '0000-00-00 00:00:00'),
(318, 46, 3068, '0000-00-00 00:00:00', '0000-00-00 00:00:00'),
(319, 46, 3078, '0000-00-00 00:00:00', '0000-00-00 00:00:00'),
(320, 46, 3211, '0000-00-00 00:00:00', '0000-00-00 00:00:00'),
(321, 46, 3067, '0000-00-00 00:00:00', '0000-00-00 00:00:00'),
(322, 46, 3340, '0000-00-00 00:00:00', '0000-00-00 00:00:00'),
(323, 47, 3100, '0000-00-00 00:00:00', '0000-00-00 00:00:00'),
(324, 47, 3124, '0000-00-00 00:00:00', '0000-00-00 00:00:00'),
(325, 47, 3115, '0000-00-00 00:00:00', '0000-00-00 00:00:00'),
(326, 47, 1026, '0000-00-00 00:00:00', '0000-00-00 00:00:00'),
(327, 47, 3020, '0000-00-00 00:00:00', '0000-00-00 00:00:00'),
(328, 47, 1058, '0000-00-00 00:00:00', '0000-00-00 00:00:00'),
(329, 47, 3340, '0000-00-00 00:00:00', '0000-00-00 00:00:00'),
(330, 48, 3065, '0000-00-00 00:00:00', '0000-00-00 00:00:00'),
(331, 48, 2003, '0000-00-00 00:00:00', '0000-00-00 00:00:00'),
(332, 48, 3209, '0000-00-00 00:00:00', '0000-00-00 00:00:00'),
(333, 48, 3158, '0000-00-00 00:00:00', '0000-00-00 00:00:00'),
(334, 48, 3072, '0000-00-00 00:00:00', '0000-00-00 00:00:00'),
(335, 48, 1037, '0000-00-00 00:00:00', '0000-00-00 00:00:00'),
(336, 48, 3340, '0000-00-00 00:00:00', '0000-00-00 00:00:00'),
(337, 49, 3143, '0000-00-00 00:00:00', '0000-00-00 00:00:00'),
(338, 49, 3074, '0000-00-00 00:00:00', '0000-00-00 00:00:00'),
(339, 49, 3068, '0000-00-00 00:00:00', '0000-00-00 00:00:00'),
(340, 49, 3065, '0000-00-00 00:00:00', '0000-00-00 00:00:00'),
(341, 49, 0, '0000-00-00 00:00:00', '0000-00-00 00:00:00'),
(342, 49, 3047, '0000-00-00 00:00:00', '0000-00-00 00:00:00'),
(343, 49, 3340, '0000-00-00 00:00:00', '0000-00-00 00:00:00'),
(344, 50, 3143, '0000-00-00 00:00:00', '0000-00-00 00:00:00'),
(345, 50, 3190, '0000-00-00 00:00:00', '0000-00-00 00:00:00'),
(346, 50, 3134, '0000-00-00 00:00:00', '0000-00-00 00:00:00'),
(347, 50, 3207, '0000-00-00 00:00:00', '0000-00-00 00:00:00'),
(348, 50, 3117, '0000-00-00 00:00:00', '0000-00-00 00:00:00'),
(349, 50, 0, '0000-00-00 00:00:00', '0000-00-00 00:00:00'),
(350, 50, 3340, '0000-00-00 00:00:00', '0000-00-00 00:00:00'),
(351, 51, 3401, '0000-00-00 00:00:00', '0000-00-00 00:00:00'),
(352, 51, 2045, '0000-00-00 00:00:00', '0000-00-00 00:00:00'),
(353, 51, 3143, '0000-00-00 00:00:00', '0000-00-00 00:00:00'),
(354, 51, 3047, '0000-00-00 00:00:00', '0000-00-00 00:00:00'),
(355, 51, 0, '0000-00-00 00:00:00', '0000-00-00 00:00:00'),
(356, 51, 0, '0000-00-00 00:00:00', '0000-00-00 00:00:00'),
(357, 51, 3341, '0000-00-00 00:00:00', '0000-00-00 00:00:00'),
(358, 52, 3143, '0000-00-00 00:00:00', '0000-00-00 00:00:00'),
(359, 52, 3074, '0000-00-00 00:00:00', '0000-00-00 00:00:00'),
(360, 52, 3065, '0000-00-00 00:00:00', '0000-00-00 00:00:00'),
(361, 52, 1080, '0000-00-00 00:00:00', '0000-00-00 00:00:00'),
(362, 52, 3111, '0000-00-00 00:00:00', '0000-00-00 00:00:00'),
(363, 52, 0, '0000-00-00 00:00:00', '0000-00-00 00:00:00'),
(364, 52, 3340, '0000-00-00 00:00:00', '0000-00-00 00:00:00'),
(365, 53, 3143, '0000-00-00 00:00:00', '0000-00-00 00:00:00'),
(366, 53, 1031, '0000-00-00 00:00:00', '0000-00-00 00:00:00'),
(367, 53, 3047, '0000-00-00 00:00:00', '0000-00-00 00:00:00'),
(368, 53, 3209, '0000-00-00 00:00:00', '0000-00-00 00:00:00'),
(369, 53, 3068, '0000-00-00 00:00:00', '0000-00-00 00:00:00'),
(370, 53, 1029, '0000-00-00 00:00:00', '0000-00-00 00:00:00'),
(371, 53, 3340, '0000-00-00 00:00:00', '0000-00-00 00:00:00'),
(372, 54, 3143, '0000-00-00 00:00:00', '0000-00-00 00:00:00'),
(373, 54, 2003, '0000-00-00 00:00:00', '0000-00-00 00:00:00'),
(374, 54, 3068, '0000-00-00 00:00:00', '0000-00-00 00:00:00'),
(375, 54, 3206, '0000-00-00 00:00:00', '0000-00-00 00:00:00'),
(376, 54, 3111, '0000-00-00 00:00:00', '0000-00-00 00:00:00'),
(377, 54, 1031, '0000-00-00 00:00:00', '0000-00-00 00:00:00'),
(378, 54, 3340, '0000-00-00 00:00:00', '0000-00-00 00:00:00'),
(379, 55, 2044, '0000-00-00 00:00:00', '0000-00-00 00:00:00'),
(380, 55, 3143, '0000-00-00 00:00:00', '0000-00-00 00:00:00'),
(381, 55, 1001, '0000-00-00 00:00:00', '0000-00-00 00:00:00'),
(382, 55, 1029, '0000-00-00 00:00:00', '0000-00-00 00:00:00'),
(383, 55, 3209, '0000-00-00 00:00:00', '0000-00-00 00:00:00'),
(384, 55, 0, '0000-00-00 00:00:00', '0000-00-00 00:00:00'),
(385, 55, 3340, '0000-00-00 00:00:00', '0000-00-00 00:00:00'),
(386, 56, 3143, '0000-00-00 00:00:00', '0000-00-00 00:00:00'),
(387, 56, 3074, '0000-00-00 00:00:00', '0000-00-00 00:00:00'),
(388, 56, 3068, '0000-00-00 00:00:00', '0000-00-00 00:00:00'),
(389, 56, 1031, '0000-00-00 00:00:00', '0000-00-00 00:00:00'),
(390, 56, 3117, '0000-00-00 00:00:00', '0000-00-00 00:00:00'),
(391, 56, 1080, '0000-00-00 00:00:00', '0000-00-00 00:00:00'),
(392, 56, 3340, '0000-00-00 00:00:00', '0000-00-00 00:00:00');

-- --------------------------------------------------------

--
-- Tabellenstruktur für Tabelle `items`
--

CREATE TABLE IF NOT EXISTS `items` (
  `id` int(10) unsigned NOT NULL AUTO_INCREMENT,
  `item_id` int(11) NOT NULL,
  `name` varchar(255) COLLATE utf8_unicode_ci NOT NULL,
  `name_de` varchar(255) COLLATE utf8_unicode_ci NOT NULL,
  `description` text COLLATE utf8_unicode_ci NOT NULL,
  `description_de` text COLLATE utf8_unicode_ci NOT NULL,
  `plaintext` text COLLATE utf8_unicode_ci NOT NULL,
  `plaintext_de` text COLLATE utf8_unicode_ci NOT NULL,
  `created_at` timestamp NOT NULL DEFAULT '0000-00-00 00:00:00',
  `updated_at` timestamp NOT NULL DEFAULT '0000-00-00 00:00:00',
  `riot_id` int(11) NOT NULL,
  PRIMARY KEY (`id`)
) ENGINE=MyISAM  DEFAULT CHARSET=utf8 COLLATE=utf8_unicode_ci AUTO_INCREMENT=3456 ;

--
-- Daten für Tabelle `items`
--

INSERT INTO `items` (`id`, `item_id`, `name`, `name_de`, `description`, `description_de`, `plaintext`, `plaintext_de`, `created_at`, `updated_at`, `riot_id`) VALUES
(2009, 2009, 'Total Biscuit of Rejuvenation', 'Absoluter Keks der Verjüngung', '<consumable>Click to Consume:</consumable> Restores 80 Health and 50 Mana over 10 seconds.', '<consumable>Zum Verbrauchen klicken:</consumable> Stellt 80 Leben und 50 Mana über 10 Sekunden wieder her.', '', '', '2014-04-30 18:00:46', '2014-05-12 20:43:34', 2009),
(3089, 3089, 'Rabadon''s Deathcap', 'Rabadons Todeshaube', '<stats>+120 Ability Power  </stats><br><br><unique>UNIQUE Passive:</unique> Increases Ability Power by 30%.', '<stats>+120 Fähigkeitsstärke</stats><br><br><unique>EINMALIG, Passiv:</unique> Erhöht die Fähigkeitsstärke um 30 %.', '', '', '2014-04-30 18:00:46', '2014-05-12 20:43:34', 3089),
(3087, 3087, 'Statikk Shiv', 'Statikks Stich', '<stats>+40% Attack Speed<br>+20% Critical Strike Chance<br>+6% Movement Speed</stats><br><br><unique>UNIQUE Passive:</unique> Grants Static Charges upon moving or attacking. At 100 Charges, basic attacking expends all Charges to deal 100 bonus magic damage to up to 4 targets on hit (this damage can critically strike).', '<stats>+40 % Angriffstempo<br>+20 % Chance auf kritische Treffer<br>+6 % Lauftempo</stats><br><br><unique>EINMALIG, Passiv:</unique> Gewährt statische Ladungen bei Bewegung oder Angriff. Mit 100 Ladungen verbraucht ein normaler Angriff alle Ladungen und verursacht bei einem Treffer zusätzlich 100 magischen Schaden an bis zu 4 Zielen (dieser Schaden kann kritisch treffen).', '', '', '2014-04-30 18:00:46', '2014-05-12 20:43:34', 3087),
(2004, 2004, 'Mana Potion', 'Manatrank', '<groupLimit>Limited to 5 at one time.</groupLimit><br><br><consumable>Click to Consume:</consumable> Restores 100 Mana over 15 seconds.', '<groupLimit>Auf 5 gleichzeitig beschränkt.</groupLimit><br><br><consumable>Zum Verbrauchen klicken:</consumable> Stellt 15 Sekunden lang insgesamt 100 Mana wieder her.', '', '', '2014-04-30 18:00:46', '2014-05-12 20:43:34', 2004),
(3086, 3086, 'Zeal', 'Eifer', '<stats>+18% Attack Speed<br>+10% Critical Strike Chance<br>+5% Movement Speed</stats>', '<stats>+18 % Angriffstempo<br>+10 % Chance auf kritische Treffer<br>+5 % Lauftempo</stats>', '', '', '2014-04-30 18:00:46', '2014-05-12 20:43:34', 3086),
(3085, 3085, 'Runaan''s Hurricane (Ranged Only)', 'Runaans Hurrikan (nur Fernkampf)', '<stats>+70% Attack Speed</stats><br><br><unique>UNIQUE Passive:</unique> When basic attacking, bolts are fired at up to 2 enemies near the target, each dealing 10 (+50% of Attack Damage) physical damage. These bolts apply on-hit effects.', '<stats>+70 % Angriffstempo</stats><br><br><unique>EINMALIG, Passiv:</unique> Normale Angriffe feuern Bolzen auf bis zu 2 Ziele in der Nähe des Ziels und verursachen jeweils 10 (+ 50 % des Angriffsschadens) normalen Schaden. Diese Bolzen lösen Treffereffekte aus.', '', '', '2014-04-30 18:00:46', '2014-05-12 20:43:34', 3085),
(3280, 3280, 'Enchantment: Homeguard', 'Verzauberung: Heimwacht', '<groupLimit>Limited to 1 of each enchantment type.</groupLimit><br>Enchants boots to have Homeguard bonus.<br><br><unique>UNIQUE Passive - Homeguard:</unique> Visiting the shop vastly increases Health and Mana regeneration and grants 200% bonus Movement Speed that decays over 8 seconds.  Bonus Movement Speed and Regeneration are disabled for 6 seconds upon dealing or taking damage.<br><br><i>(Unique Passives with the same name don''t stack.)</i>', '<groupLimit>Auf 1 pro Verzauberungsart beschränkt.</groupLimit><br>Verzaubert Stiefel, um den Bonus „Heimwacht“ zu erhalten.<br><br><unique>EINMALIG, Passiv - Heimwacht:</unique> Ein Besuch beim Händler erhöht Leben und Manaregeneration stark und gewährt +200 % zusätzliches Lauftempo, das über 8 Sekunden abklingt. Zusätzliches Lauftempo und Regeneration sind 6 Sekunden lang deaktiviert, wenn du Schaden verursachst oder erleidest.<br><br><i>(Einmalige passive Boni mit dem gleichen Namen wirken nicht kumulativ.)</i>', '', '', '2014-04-30 18:00:46', '2014-05-12 20:43:34', 3280),
(3084, 3084, 'Overlord''s Bloodmail', 'Blutpanzer des Gebieters', '<stats>+850 Health</stats><br><br><unique>UNIQUE Passive:</unique> Upon champion kill or assist, restores 200 Health over 5 seconds.', '<stats>+850 Leben</stats><br><br><unique>EINMALIG, Passiv:</unique> Tötungen von Champions oder Unterstützungen stellen 5 Sekunden lang insgesamt 200 Leben wieder her.', '', '', '2014-04-30 18:00:46', '2014-05-12 20:43:34', 3084),
(2003, 2003, 'Health Potion', 'Heiltrank', '<groupLimit>Limited to 5 at one time.</groupLimit><br><br><consumable>Click to Consume:</consumable> Restores 150 Health over 15 seconds.', '<groupLimit>Auf 5 gleichzeitig beschränkt.</groupLimit><br><br><consumable>Zum Verbrauchen klicken:</consumable> Stellt 15 Sekunden lang insgesamt 150 Leben wieder her.', '', '', '2014-04-30 18:00:46', '2014-05-12 20:43:34', 2003),
(3083, 3083, 'Warmog''s Armor', 'Warmogs Rüstung', '<stats>+1000 Health</stats><br><br><unique>UNIQUE Passive:</unique> Restores 1% of maximum Health every 5 seconds.', '<stats>+1000 Leben</stats><br><br><unique>EINMALIG, Passiv:</unique> Stellt alle 5 Sekunden 1 % des maximalen Lebens wieder her.', '', '', '2014-04-30 18:00:46', '2014-05-12 20:43:34', 3083),
(3282, 3282, 'Enchantment: Furor', 'Verzauberung: Aufruhr', '<groupLimit>Limited to 1 of each enchantment type.</groupLimit><br>Enchants boots to have Furor bonus.<br><br><unique>UNIQUE Passive - Furor:</unique> Upon dealing damage with a single target spell or attack (on hit), grants +12% Movement Speed that decays over 2 seconds.<br><br><i>(Unique Passives with the same name don''t stack.)</i>', '<groupLimit>Auf 1 pro Verzauberungsart beschränkt.</groupLimit><br>Verzaubert Stiefel, um den Bonus „Aufruhr“ zu erhalten.<br><br><unique>EINMALIG, Passiv - Aufruhr:</unique> Immer wenn du mit einem Einzelzielangriff (bei einem Treffer) oder einer Einzelzielfähigkeit Schaden verursachst, erhältst du +12 % zusätzliches Lauftempo, das über 2 Sekunden abklingt.<br><br><i>(Einmalige passive Boni mit dem gleichen Namen wirken nicht kumulativ.)</i>', '', '', '2014-04-30 18:00:46', '2014-05-12 20:43:34', 3282),
(3082, 3082, 'Warden''s Mail', 'Rüstung des Beschützers', '<stats>+50 Armor</stats><br><br><unique>UNIQUE Passive - Cold Steel:</unique> When hit by basic attacks, reduces the attacker''s Attack Speed by 15% for 1 seconds.<br><br><i>(Unique Passives with the same name don''t stack.)</i>', '<stats>+50 Rüstung</stats><br><br><unique>EINMALIG, Passiv - Kalter Stahl:</unique> Bei einem Treffer durch normale Angriffe wird das Angriffstempo des Angreifers 1 Sekunde lang um 15 % verringert.<br><br><i>(Einmalige passive Boni mit dem gleichen Namen wirken nicht kumulativ.)</i>', '', '', '2014-04-30 18:00:46', '2014-05-12 20:43:34', 3082),
(3281, 3281, 'Enchantment: Captain', 'Verzauberung: Hauptmann', '<groupLimit>Limited to 1 of each enchantment type.</groupLimit><br>Enchants boots to have Captain bonus.<br><br><unique>UNIQUE Passive - Captain:</unique> Grants +10% Movement Speed to nearby approaching allied champions. Grants nearby minions +20% Movement Speed.<br><br><i>(Unique Passives with the same name don''t stack.)</i>', '<groupLimit>Auf 1 pro Verzauberungsart beschränkt.</groupLimit><br>Verzaubert Stiefel, um den Bonus „Hauptmann“ zu erhalten.<br><br><unique>EINMALIG, Passiv - Hauptmann:</unique> Gewährt verbündeten Champions in der Nähe, die auf dich zukommen, +10 % Lauftempo. Verbündete Vasallen um dich herum erhalten +20 % Lauftempo.<br><br><i>(Einmalige passive Boni mit dem gleichen Namen wirken nicht kumulativ.)</i>', '', '', '2014-04-30 18:00:46', '2014-05-12 20:43:34', 3281),
(3284, 3284, 'Enchantment: Alacrity', 'Verzauberung: Eifer', '<groupLimit>Limited to 1 of each enchantment type.</groupLimit><br>Enchants boots to have Alacrity bonus. <br><br><unique>UNIQUE Passive - Alacrity:</unique> +20 Movement Speed<br><br><i>(Unique Passives with the same name don''t stack.)</i>', '<groupLimit>Auf 1 pro Verzauberungsart beschränkt.</groupLimit><br>Verzaubert Stiefel mit einer Eifer-Verbesserung.<br><br><unique>EINMALIG, Passiv - Eifer:</unique> +20 Lauftempo<br><br><i>(Einmalige passive Boni mit dem gleichen Namen wirken nicht kumulativ.)</i>', '', '', '2014-04-30 18:00:46', '2014-05-12 20:43:34', 3284),
(3283, 3283, 'Enchantment: Distortion', 'Verzauberung: Verzerrung', '<groupLimit>Limited to 1 of each enchantment type.</groupLimit><br>Enchants boots to have Distortion bonus.<br><br><unique>UNIQUE Passive - Distortion:</unique> Teleport, Flash, and Ghost summoner spell cooldowns are reduced by 20% and are granted additional mobility: <br><br><font color=''#FFDD00''>Ghost:</font> Grants 40% Movement Speed from 27%.<br><font color=''#FFDD00''>Flash:</font> 20% Movement Speed bonus for 1 second after cast.<br><font color=''#FFDD00''>Teleport:</font> 30% Movement Speed bonus for 3 seconds after use.<br><br><i>(Unique Passives with the same name don''t stack.)</i>', '<groupLimit>Auf 1 pro Verzauberungsart beschränkt.</groupLimit><br>Verzaubert Stiefel, um den Bonus „Verzerrung“ zu erhalten.<br><br><unique>EINMALIG, Passiv - Verzerrung:</unique> Die Abklingzeiten deiner Beschwörerzauber „Teleportation“, „Blitz“ und „Geist“ sind um 20 % verringert und sie gewähren zusätzliche Mobilität: <br><br><font color=''#FFDD00''>Geist:</font> Gewährt statt 27 % dann 40 % Lauftempo.<br><font color=''#FFDD00''>Blitz:</font> 1 Sekunde lang nach der Ausführung 20 % Lauftempobonus.<br><font color=''#FFDD00''>Teleportation:</font> 3 Sekunden lang nach der Ausführung 30 % Lauftempobonus.<br><br><i>(Einmalige passive Boni mit dem gleichen Namen wirken nicht kumulativ.)</i>', '', '', '2014-04-30 18:00:46', '2014-05-12 20:43:34', 3283),
(3278, 3278, 'Enchantment: Distortion', 'Verzauberung: Verzerrung', '<groupLimit>Limited to 1 of each enchantment type.</groupLimit><br>Enchants boots to have Distortion bonus.<br><br><unique>UNIQUE Passive - Distortion:</unique> Teleport, Flash, and Ghost summoner spell cooldowns are reduced by 20% and are granted additional mobility: <br><br><font color=''#FFDD00''>Ghost:</font> Grants 40% Movement Speed from 27%.<br><font color=''#FFDD00''>Flash:</font> 20% Movement Speed bonus for 1 second after cast.<br><font color=''#FFDD00''>Teleport:</font> 30% Movement Speed bonus for 3 seconds after use.<br><br><i>(Unique Passives with the same name don''t stack.)</i>', '<groupLimit>Auf 1 pro Verzauberungsart beschränkt.</groupLimit><br>Verzaubert Stiefel, um den Bonus „Verzerrung“ zu erhalten.<br><br><unique>EINMALIG, Passiv - Verzerrung:</unique> Die Abklingzeiten deiner Beschwörerzauber „Teleportation“, „Blitz“ und „Geist“ sind um 20 % verringert und sie gewähren zusätzliche Mobilität: <br><br><font color=''#FFDD00''>Geist:</font> Gewährt statt 27 % dann 40 % Lauftempo.<br><font color=''#FFDD00''>Blitz:</font> 1 Sekunde lang nach der Ausführung 20 % Lauftempobonus.<br><font color=''#FFDD00''>Teleportation:</font> 3 Sekunden lang nach der Ausführung 30 % Lauftempobonus.<br><br><i>(Einmalige passive Boni mit dem gleichen Namen wirken nicht kumulativ.)</i>', '', '', '2014-04-30 18:00:46', '2014-05-12 20:43:34', 3278),
(3279, 3279, 'Enchantment: Alacrity', 'Verzauberung: Eifer', '<groupLimit>Limited to 1 of each enchantment type.</groupLimit><br>Enchants boots to have Alacrity bonus. <br><br><unique>UNIQUE Passive - Alacrity:</unique> +20 Movement Speed<br><br><i>(Unique Passives with the same name don''t stack.)</i>', '<groupLimit>Auf 1 pro Verzauberungsart beschränkt.</groupLimit><br>Verzaubert Stiefel mit einer Eifer-Verbesserung.<br><br><unique>EINMALIG, Passiv - Eifer:</unique> +20 Lauftempo<br><br><i>(Einmalige passive Boni mit dem gleichen Namen wirken nicht kumulativ.)</i>', '', '', '2014-04-30 18:00:46', '2014-05-12 20:43:34', 3279),
(2010, 2010, 'Total Biscuit of Rejuvenation', 'Absoluter Keks der Verjüngung', '<consumable>Click to Consume:</consumable> Restores 20 health and 10 mana immediately and then 150 Health over 15 seconds.', '<consumable>Zum Verbrauchen klicken:</consumable> Stellt sofort 20 Leben und 10 Mana und dann über 15 Sekunden 150 Leben wieder her.', '', '', '2014-04-30 18:00:46', '2014-05-12 20:43:34', 2010),
(3098, 3098, 'Frostfang', 'Frostfang', '<stats>+10 Ability Power<br>+5 Mana Regen per 5 seconds<br>+4 Gold per 10 seconds</stats><br><br><unique>UNIQUE Passive - Tribute:</unique> Spells and basic attacks against champions or buildings deal 15 additional damage and grant 10 Gold. This can occur up to three times every 30 seconds. Killing a minion disables this passive for 12 seconds.<br><br><groupLimit>Limited to 1 Gold Income item</groupLimit></i>', '<stats>+10 Fähigkeitsstärke<br>+5 Manaregeneration alle 5 Sekunden<br>+4 Gold alle 10 Sekunden</stats><br><br><unique>EINMALIG, Passiv - Tribut:</unique> Zauber und normale Angriffe gegen Champions oder Strukturen verursachen 15 zusätzlichen Schaden und gewähren 10 Gold. Dies kann alle 30 Sekunden bis zu drei Mal passieren. Wenn du einen Vasallen tötest, wird dieser passive Effekt 12 Sekunden lang ausgesetzt.<br><br><groupLimit>Auf 1 Goldertrag-Gegenstand begrenzt</groupLimit>', '', '', '2014-04-30 18:00:46', '2014-05-12 20:43:34', 3098),
(1080, 1080, 'Spirit Stone', 'Geisterstein', '<unique>UNIQUE Passive - Butcher:</unique> Against monsters, deal 20% bonus damage and restore 6% of damage dealt as Health and 3% as Mana.<br><br><i>(Unique Passives or Actives with the same name don''t stack.)</i>', '<unique>EINMALIG, Passiv - Schlachter</unique> Verursacht an Monstern 20 % zusätzlichen Schaden und stellt 6 % des verursachten Schadens als Leben und 3 % als Mana wieder her.<br><br><i>(Einmalige passive oder aktive Boni mit dem gleichen Namen wirken nicht kumulativ.)</i>', '', '', '2014-04-30 18:00:46', '2014-05-12 20:43:34', 1080),
(3290, 3290, 'Twin Shadows', 'Zwillingsschatten', '<stats>+80 Ability Power<br>+10% Cooldown Reduction<br>+6% Movement Speed</stats><br><br><active>UNIQUE Active - Hunt:</active> Summons up to 2 invulnerable ghosts that seek out the two nearest enemy champions for 6 seconds. If a ghost reaches its target, it reveals the target and reduces their Movement Speed by 40% for 2.5 seconds.<br><br>If a ghost cannot find a target, it tries to return to the caster.  Ghosts that successfully return in this way reduce the item''s cooldown by 20 seconds (60 second cooldown).', '<stats>+80 Fähigkeitsstärke<br>+10 % Abklingzeitverringerung<br>+6 % Lauftempo</stats><br><br><active>EINMALIG, Aktiv - Jagd:</active> Beschwört bis zu 2 unverwundbare Geister, die 6 Sekunden lang die beiden nächsten gegnerischen Champions suchen. Falls ein Geist sein Ziel erreicht, deckt er es auf und verringert dessen Lauftempo 2,5 Sekunden lang um 40 %. <br><br>Wenn ein Geist kein Ziel findet, so wird er versuchen, zum Ausführer zurückzukehren. Jeder Geist, der erfolgreich zurückkehrt, reduziert die Abklingzeit des Gegenstands um 20 Sekunden (60 Sekunden Abklingzeit).', '', '', '2014-04-30 18:00:46', '2014-05-12 20:43:34', 3290),
(3097, 3097, 'Targon''s Brace', 'Targons Panzer', '<stats>+175 Health<br>+8 Health Regen per 5 seconds</stats><br><br><unique>UNIQUE Passive - Spoils of War:</unique> Melee basic attacks execute minions below 200 Health. Killing a minion heals you and the nearest allied champion for 50 Health and grants them kill Gold.<br><br>These effects require a nearby allied champion. Recharges every 30 seconds. Max 3 charges.<br><br><groupLimit>Limited to 1 Gold Income item</groupLimit>', '<stats>+175 Leben<br>+8 Lebensregeneration alle 5 Sekunden</stats><br><br><unique>EINMALIG, Passiv - Kriegsbeute:</unique> Normale Nahkampfangriffe exekutieren Vasallen mit weniger als 200 Leben. Durch die Tötung eines Vasallen werden du und der nächste verbündete Champion in Höhe von 50 Leben geheilt und euch wird Gold pro Tötung gewährt.<br><br>Voraussetzung für diese Effekte ist ein verbündeter Champion in der Nähe. Lädt sich alle 30 Sekunden neu auf. Maximal 3 Ladungen.<br><br><groupLimit>Auf 1 Goldertrag-Gegenstand begrenzt</groupLimit>', '', '', '2014-04-30 18:00:46', '2014-05-12 20:43:34', 3097),
(3096, 3096, 'Nomad''s Medallion', 'Medaillon des Nomaden', '<stats>+7 Mana Regen per 5 seconds<br>+5 Health Regen per 5 seconds<br>+2 Gold per 10 seconds</stats><br><br><unique>UNIQUE Passive - Favor:</unique> Being near a minion death without dealing the killing blow grants 3 Gold and 5 Health.<br><br><groupLimit>Limited to 1 Gold Income item</groupLimit><br><br><i><font color=''#447777''>''''The medallion shines with the glory of a thousand voices when exposed to the sun.'''' - Historian Shurelya, 22 June, 24 CLE</font></i><br><br>', '<stats>+7 Manaregeneration alle 5 s<br>+5 Lebensregeneration alle 5 s<br>+2 Gold alle 10 Sekunden</stats><br><br><unique>EINMALIG, Passiv - Gefälligkeit:</unique> Wenn du dich in der Nähe befindest, wenn ein Vasall stirbt, ohne dass du den Todesstoß ausgeführt hast, werden dir 3 Gold und 5 Leben gewährt.<br><br><groupLimit>Auf 1 Goldertrag-Gegenstand begrenzt</groupLimit><br><br><i><font color=''#447777''>„Das Medaillon strahlt mit der Pracht von tausend Stimmen, wenn es der Sonne ausgesetzt wird.“ - Historikerin Shurelya, 22. Juni, 24 CLE</font></i><br><br>', '', '', '2014-04-30 18:00:46', '2014-05-12 20:43:34', 3096),
(3091, 3091, 'Wit''s End', 'Ende der Weisheit', '<stats>+42% Attack Speed<br>+25 Magic Resist</stats><br><br><unique>UNIQUE Passive:</unique> Basic attacks deal 42 bonus magic damage on hit.<br><unique>UNIQUE Passive:</unique> Basic attacks steal 5 Magic Resist from the target on hit (stacks up to 5 times.)', '<stats>+42 % Angriffstempo<br>+25 Magieresistenz</stats><br><br><unique>EINMALIG, Passiv:</unique> Normale Angriffe verursachen bei einem Treffer 42 zusätzlichen magischen Schaden.<br><unique>EINMALIG, Passiv:</unique> Normale Angriffe stehlen dem Ziel bei einem Treffer +5 Magieresistenz (bis zu 5-mal kumulativ).', '', '', '2014-04-30 18:00:46', '2014-05-12 20:43:34', 3091),
(3090, 3090, 'Wooglet''s Witchcap', 'Wooglets Hexenhaube', '<stats>+100 Ability Power<br>+45 Armor  </stats><br><br><unique>UNIQUE Passive:</unique> Increases Ability Power by 25%<br><active>UNIQUE Active:</active> Champion becomes invulnerable and untargetable for 2.5 seconds, but is unable to move, attack, cast spells, or use items during this time (90 second cooldown).', '<stats>+100 Fähigkeitsstärke<br>+45 Rüstung</stats><br><br><unique>EINMALIG, Passiv:</unique> Erhöht die Fähigkeitsstärke um 25 %.<br><active>EINMALIG, Aktiv:</active> Der Champion wird 2,5 Sekunden lang unverwundbar und kann nicht ins Ziel genommen werden, ist allerdings bewegungsunfähig, kann keine Angriffe oder Zauber ausführen und in dieser Zeit auch keine Gegenstände nutzen (90 Sekunden Abklingzeit).', '', '', '2014-04-30 18:00:46', '2014-05-12 20:43:34', 3090),
(3093, 3093, 'Avarice Blade', 'Klinge der Habgier', '<stats>+10% Critical Strike Chance</stats><br><br><unique>UNIQUE Passive - Avarice:</unique> +3 Gold per 10 seconds<br><unique>UNIQUE Passive - Greed:</unique> Grants 2 Gold upon killing a unit.<br><br><groupLimit>May be bought with another Gold Income item</groupLimit>', '<stats>+10 % Chance auf kritische Treffer</stats><br><br><unique>EINMALIG, Passiv - Habgier:</unique>+3 Gold alle 10 Sekunden<br><unique>EINMALIG, Passiv - Gier:</unique> Gewährt pro getöteter Einheit 2 Gold.<br><br><groupLimit>Kann mit einem anderen Goldertrag-Gegenstand gekauft werden.</groupLimit>', '', '', '2014-04-30 18:00:46', '2014-05-12 20:43:34', 3093),
(3092, 3092, 'Frost Queen''s Claim', 'Anrecht der Frostkönigin', '<stats>+50 Ability Power<br>+10 Mana Regen per 5 seconds<br>+10% Cooldown Reduction<br>+4 Gold per 10 seconds</stats><br><br><unique>UNIQUE Passive - Tribute:</unique> Spells and basic attacks against champions or buildings deal 15 additional damage and grant 10 Gold. This can occur up to three times every 30 seconds.<br><active>UNIQUE Active:</active> Fires an ice lance that explodes dealing 50 (+5 per champion level) magic damage to nearby enemies and slowing their Movement Speed by 80%, decaying over 2 seconds. (60 second cooldown.)<br><br><groupLimit>Limited to 1 Gold Income item</groupLimit></i>', '<stats>+50 Fähigkeitsstärke<br>+10 Manaregeneration alle 5 Sekunden<br>+10 % Abklingzeitverringerung<br>+4 Gold alle 10 Sekunden</stats><br><br><unique>EINMALIG, Passiv - Tribut:</unique> Fähigkeiten und normale Angriffe gegen Champions oder Strukturen verursachen 15 zusätzlichen Schaden und gewähren 10 Gold. Dies kann alle 30 Sekunden bis zu drei Mal passieren.<br><active>EINMALIG, Aktiv:</active> Feuert eine Eislanze ab, die explodiert und an Gegnern in der Nähe 50 magischen Schaden (+5 pro Championstufe) verursacht und ihr Lauftempo um 80 % verlangsamt. Dieser Effekt klingt innerhalb 2 Sekunden ab. (60 Sekunden Abklingzeit)<br><br><groupLimit>Auf 1 Goldertrag-Gegenstand begrenzt</groupLimit></i>', '', '', '2014-04-30 18:00:46', '2014-05-12 20:43:34', 3092),
(1075, 1075, 'Doran''s Blade (Showdown)', 'Dorans Klinge (Duell)', '<stats>+80 Health<br>+8 Attack Damage</stats><br><br><passive>Passive:</passive> Basic attacks restore Health on hit. (3 Health for ranged champions and 5 Health for melee champions.)<br><br><groupLimit>Limited to 2 Doran''s items on Showdown</groupLimit><br><br>', '<stats>+80 Leben<br>+8 Angriffsschaden</stats><br><br><passive>Passiv:</passive> Normale Angriffe stellen bei einem Treffer Leben wieder. (3 Leben bei Fernkampf- und 5 Leben bei Nahkampf-Champions.)<br><br><groupLimit>Im Duell auf 2 von Dorans Gegenständen begrenzt.</groupLimit><br><br>', '', '', '2014-04-30 18:00:46', '2014-05-12 20:43:34', 1075),
(1074, 1074, 'Doran''s Shield (Showdown)', 'Dorans Schild (Duell)', '<stats>+100 Health<br>+10 Health Regen per 5 seconds</stats><br><br><unique>UNIQUE Passive:</unique> Blocks 8 damage from champion basic attacks.<br><br><groupLimit>Limited to 2 Doran''s items on Showdown</groupLimit><br><br>', '<stats>+100 Leben<br>+10 Lebensregeneration per 5 Sekunden</stats><br><br><unique>EINMALIG, Passiv:</unique> Blockt 8 Schaden von normalen Angriffen durch Champions.<br><br><groupLimit>Im Duell auf 2 von Dorans Gegenständen begrenzt.</groupLimit><br><br>', '', '', '2014-04-30 18:00:46', '2014-05-12 20:43:34', 1074),
(1076, 1076, 'Doran''s Ring (Showdown)', 'Dorans Ring (Duell)', '<stats>+60 Health<br>+15 Ability Power<br>+3 Mana Regen per 5 seconds</stats><br><br><passive>Passive:</passive> Restores 4 Mana upon killing a unit.<br><br><groupLimit>Limited to 2 Doran''s items on Showdown</groupLimit><br><br>', '<stats>+60 Leben<br>+15 Fähigkeitsstärke<br>+3 Manaregeneration per 5 Sekunden</stats><br><br><passive>Passiv:</passive> Beim Töten einer Einheit werden 4 Mana wiederhergestellt.<br><br><groupLimit>Im Duell auf 2 von Dorans Gegenständen begrenzt.</groupLimit><br><br>', '', '', '2014-04-30 18:00:46', '2014-05-12 20:43:34', 1076),
(1063, 1063, 'Prospector''s Ring', 'Ring des Schürfers', '<stats>+35 Ability Power<br>+6 Mana Regeneration</stats><br><br><unique>UNIQUE Passive - Prospector:</unique> +150 Health<br><br><i>(Unique Passives with the same name don''t stack.)</i>', '<stats>+35 Fähigkeitsstärke<br>+6 Manaregeneration</stats><br><br><unique>EINMALIG, Passiv - Schürfer:</unique> +150 Leben.<br><br><i>(Einmalige passive Boni mit dem gleichen Namen wirken nicht kumulativ.)</i>', '', '', '2014-04-30 18:00:46', '2014-05-12 20:43:34', 1063),
(1062, 1062, 'Prospector''s Blade', 'Klinge des Schürfers', '<stats>+16 Attack Damage<br>+15% Attack Speed </stats><br><br><unique>UNIQUE Passive - Prospector:</unique> +150 Health<br><br><i>(Unique Passives with the same name don''t stack.)</i>', '<stats>+16 Angriffsschaden<br>+15 % Angriffstempo</stats><br><br><unique>EINMALIG, Passiv - Schürfer:</unique> +150 Leben.<br><br><i>(Einmalige passive Boni mit dem gleichen Namen wirken nicht kumulativ.)</i>', '', '', '2014-04-30 18:00:46', '2014-05-12 20:43:34', 1062),
(1058, 1058, 'Needlessly Large Rod', 'Übergroßer Stab', '<stats>+80 Ability Power</stats>', '<stats>+80 Fähigkeitsstärke</stats>', '', '', '2014-04-30 18:00:46', '2014-05-12 20:43:34', 1058),
(1056, 1056, 'Doran''s Ring', 'Dorans Ring', '<stats>+60 Health<br>+15 Ability Power<br>+3 Mana Regen per 5 seconds</stats><br><br><passive>Passive:</passive> Restores 4 Mana upon killing a unit.', '<stats>+60 Leben<br>+15 Fähigkeitsstärke<br>+3 Manaregeneration alle 5 s</stats><br><br><passive>Passiv:</passive> Todesstöße an Einheiten stellen 4 Mana wieder her.', '', '', '2014-04-30 18:00:46', '2014-05-12 20:43:34', 1056),
(1057, 1057, 'Negatron Cloak', 'Negatron-Mantel', '<stats>+40 Magic Resist</stats>', '<stats>+40 Magieresistenz</stats>', '', '', '2014-04-30 18:00:46', '2014-05-12 20:43:34', 1057),
(3110, 3110, 'Frozen Heart', 'Gefrorenes Herz', '<stats>+100 Armor<br>+400 Mana<br>+20% Cooldown Reduction</stats><br><br><aura>UNIQUE Aura:</aura> Reduces the Attack Speed of nearby enemies by 15%.', '<stats>+100 Rüstung<br>+400 Mana<br>+20 % Abklingzeitverringerung</stats><br><br><aura>EINMALIG, Aura:</aura> Verringert das Angriffstempo von nahen Gegnern um 15 %.', '', '', '2014-04-30 18:00:46', '2014-05-12 20:43:34', 3110),
(3111, 3111, 'Mercury''s Treads', 'Merkurs Schuhe', '<stats>+25 Magic Resist</stats><br><br><unique>UNIQUE Passive - Enhanced Movement:</unique> +45 Movement Speed<br><unique>UNIQUE Passive - Tenacity:</unique> Reduces the duration of stuns, slows, taunts, fears, silences, blinds, polymorphs, and immobilizes by 35%.<br><br><i>(Unique Passives with the same name don''t stack.)</i>', '<stats>+25 Magieresistenz</stats><br><br><unique>EINMALIG, Passiv - Verbesserte Bewegung:</unique> +45 Lauftempo.<br><unique>EINMALIG, Passiv - Zähigkeit:</unique> Verringert die Wirkdauer von Betäubungen, Verlangsamungen, Spott, Ängsten, Festhaltungen, Verstummungen, Blendungen, Verwandlungen und Bewegungsunfähigkeit um 35 %.<br><br><i>(Einmalige passive Boni mit dem gleichen Namen wirken nicht kumulativ.)</i>', '', '', '2014-04-30 18:00:46', '2014-05-12 20:43:34', 3111),
(3112, 3112, 'Orb of Winter', 'Winterkugel', '<stats>+70 Magic Resist<br>+20 Health Regen per 5 seconds</stats><br><br><unique>UNIQUE Passive:</unique> Grants a shield that absorbs up to 30 (+10 per level) damage. The shield will refresh after 9 seconds without receiving damage.', '<stats>+70 Magieresistenz<br>+20 Lebensregeneration alle 5 Sekunden</stats><br><br><unique>EINMALIG, Passiv:</unique> Gewährt einen Schild, der bis zu 30 (+10 pro Stufe) Schaden absorbiert. Der Schild wird nach 9 Sekunden ohne erlittenen Schaden erneuert.<br>', '', '', '2014-04-30 18:00:46', '2014-05-12 20:43:34', 3112),
(3106, 3106, 'Madred''s Razors', 'Madreds Schnitter', '<stats>+15% Attack Speed</stats><br><br><unique>UNIQUE Passive - Maim:</unique> Basic attacks against monsters deal 50 bonus magic damage and heal 8 Health on hit.<br><br><i>(Unique Passives with the same name don''t stack.)</i>', '<stats>+15 % Angriffstempo</stats><br><br><unique>EINMALIG, Passiv - Zermalmen:</unique> Normale Angriffe auf Monster verursachen bei Treffern 50 zusätzlichen magischen Schaden und heilen 8 Leben.<br><br><i>(Einmalige passive Boni mit dem gleichen Namen wirken nicht kumulativ.)</i>', '', '', '2014-04-30 18:00:46', '2014-05-12 20:43:34', 3106),
(3108, 3108, 'Fiendish Codex', 'Boshafter Kodex', '<stats>+30 Ability Power</stats><br><br><unique>UNIQUE Passive:</unique> +10% Cooldown Reduction', '<stats>+30 Fähigkeitsstärke</stats><br><br><unique>EINMALIG, Passiv:</unique> +10 % Abklingzeitverringerung', '', '', '2014-04-30 18:00:46', '2014-05-12 20:43:34', 3108),
(3102, 3102, 'Banshee''s Veil', 'Schleier der Todesfee', '<stats>+450 Health<br>+55 Magic Resist</stats><br><br><unique>UNIQUE Passive:</unique> Grants a spell shield that blocks the next enemy ability. This shield refreshes after no damage is taken from enemy champions for 25 seconds.<br><unique>UNIQUE Passive:</unique> Grants 45 Health Regen per 5 for up to 10 seconds after taking damage from an enemy champion or when the spell shield breaks.', '<stats>+450 Leben<br>+55 Magieresistenz</stats><br><br><unique>EINMALIG, Passiv:</unique> Gewährt einen Zauberschild, der die nächste gegnerische Fähigkeit blockiert. Dieser Schild erneuert sich, wenn du 25 Sekunden lang von keinem Champion Schaden erlitten hast.<br><unique>EINMALIG, Passiv:</unique> Gewährt bis zu 10 Sekunden lang, nachdem Schaden  durch einen gegnerischen Champion verursacht oder der Zauberschild gebrochen wurde, 45 Lebensregeneration alle 5 Sekunden.', '', '', '2014-04-30 18:00:46', '2014-05-12 20:43:34', 3102),
(3105, 3105, 'Aegis of the Legion', 'Ägide der Legion', '<stats>+200 Health<br>+20 Magic Resistance</stats><br><br><aura>UNIQUE Aura - Legion:</aura> Grants nearby allies +20 Magic Resist and +10 Health Regen per 5 seconds.<br><br><i>(Unique Auras with the same name don''t stack.)</i>', '<stats>+200 Leben<br>+20 Magieresistenz</stats><br><br><aura>EINMALIG, Aura - Legion:</aura> Gewährt Verbündeten in der Nähe +20 Magieresistenz und +10 Lebensregeneration alle 5 Sekunden.<br><br><i>(Einmalige Auren mit dem gleichen Namen wirken nicht kumulativ.)</i>', '', '', '2014-04-30 18:00:46', '2014-05-12 20:43:34', 3105),
(3104, 3104, 'Lord Van Damm''s Pillager', 'Lord Van Damms Plünderer', '<stats>+70 Attack Damage<br>+25% Critical Strike Chance</stats><br><br><unique>UNIQUE Passive:</unique> Critical strikes deal 250% damage instead of 200%.', '<stats>+70 Angriffsschaden<br>+25 % Chance auf kritische Treffer</stats><br><br><unique>EINMALIG, Passiv:</unique> Kritische Treffer verursachen nun 250 % anstatt 200 % Schaden.', '', '', '2014-04-30 18:00:46', '2014-05-12 20:43:34', 3104),
(3100, 3100, 'Lich Bane', 'Fluch des Lichs', '<stats>+80 Ability Power<br>+250 Mana<br>+5% Movement Speed</stats><br><br><unique>UNIQUE Passive - Spellblade:</unique> After using an ability, the next basic attack deals 75% Base Attack Damage (+50% of Ability Power) bonus magic damage on hit (2 second cooldown).<br><br><i>(Unique Passives with the same name don''t stack.)</i>', '<stats>+80 Fähigkeitsstärke<br>+250 Mana<br>+5 % Lauftempo</stats><br><br><unique>EINMALIG, Passiv - Zauberklinge:</unique> Nach dem Einsatz einer Fähigkeit verursacht der nächste normale Angriff bei einem Treffer zusätzlich +75 % Grund-Angriffsschaden (+50 % Fähigkeitsstärke) zusätzlichen magischen Schaden (2 Sekunden Abklingzeit).<br><br><i>(Einmalige passive Boni mit dem gleichen Namen wirken nicht kumulativ.)</i>', '', '', '2014-04-30 18:00:46', '2014-05-12 20:43:34', 3100),
(3250, 3250, 'Enchantment: Homeguard', 'Verzauberung: Heimwacht', '<groupLimit>Limited to 1 of each enchantment type.</groupLimit><br>Enchants boots to have Homeguard bonus.<br><br><unique>UNIQUE Passive - Homeguard:</unique> Visiting the shop vastly increases Health and Mana regeneration and grants 200% bonus Movement Speed that decays over 8 seconds.  Bonus Movement Speed and Regeneration are disabled for 6 seconds upon dealing or taking damage.<br><br><i>(Unique Passives with the same name don''t stack.)</i>', '<groupLimit>Auf 1 pro Verzauberungsart beschränkt.</groupLimit><br>Verzaubert Stiefel, um den Bonus „Heimwacht“ zu erhalten.<br><br><unique>EINMALIG, Passiv - Heimwacht:</unique> Ein Besuch beim Händler erhöht Leben und Manaregeneration stark und gewährt +200 % zusätzliches Lauftempo, das über 8 Sekunden abklingt. Zusätzliches Lauftempo und Regeneration sind 6 Sekunden lang deaktiviert, wenn du Schaden verursachst oder erleidest.<br><br><i>(Einmalige passive Boni mit dem gleichen Namen wirken nicht kumulativ.)</i>', '', '', '2014-04-30 18:00:46', '2014-05-12 20:43:34', 3250),
(3101, 3101, 'Stinger', 'Stachel', '<stats>+40% Attack Speed</stats><br><br><unique>UNIQUE Passive:</unique> +10% Cooldown Reduction', '<stats>+40 % Angriffstempo</stats><br><br><unique>EINMALIG, Passiv:</unique> +10 % Abklingzeitverringerung', '', '', '2014-04-30 18:00:46', '2014-05-12 20:43:34', 3101),
(3251, 3251, 'Enchantment: Captain', 'Verzauberung: Hauptmann', '<groupLimit>Limited to 1 of each enchantment type.</groupLimit><br>Enchants boots to have Captain bonus.<br><br><unique>UNIQUE Passive - Captain:</unique> Grants +10% Movement Speed to nearby approaching allied champions. Grants nearby minions +20% Movement Speed.<br><br><i>(Unique Passives with the same name don''t stack.)</i>', '<groupLimit>Auf 1 pro Verzauberungsart beschränkt.</groupLimit><br>Verzaubert Stiefel, um den Bonus „Hauptmann“ zu erhalten.<br><br><unique>EINMALIG, Passiv - Hauptmann:</unique> Gewährt verbündeten Champions in der Nähe, die auf dich zukommen, +10 % Lauftempo. Verbündete Vasallen um dich herum erhalten +20 % Lauftempo.<br><br><i>(Einmalige passive Boni mit dem gleichen Namen wirken nicht kumulativ.)</i>', '', '', '2014-04-30 18:00:46', '2014-05-12 20:43:34', 3251),
(3254, 3254, 'Enchantment: Alacrity', 'Verzauberung: Eifer', '<groupLimit>Limited to 1 of each enchantment type.</groupLimit><br>Enchants boots to have Alacrity bonus. <br><br><unique>UNIQUE Passive - Alacrity:</unique> +20 Movement Speed<br><br><i>(Unique Passives with the same name don''t stack.)</i>', '<groupLimit>Auf 1 pro Verzauberungsart beschränkt.</groupLimit><br>Verzaubert Stiefel mit einer Eifer-Verbesserung.<br><br><unique>EINMALIG, Passiv - Eifer:</unique> +20 Lauftempo<br><br><i>(Einmalige passive Boni mit dem gleichen Namen wirken nicht kumulativ.)</i>', '', '', '2014-04-30 18:00:46', '2014-05-12 20:43:34', 3254),
(3255, 3255, 'Enchantment: Homeguard', 'Verzauberung: Heimwacht', '<groupLimit>Limited to 1 of each enchantment type.</groupLimit><br>Enchants boots to have Homeguard bonus.<br><br><unique>UNIQUE Passive - Homeguard:</unique> Visiting the shop vastly increases Health and Mana regeneration and grants 200% bonus Movement Speed that decays over 8 seconds.  Bonus Movement Speed and Regeneration are disabled for 6 seconds upon dealing or taking damage.<br><br><i>(Unique Passives with the same name don''t stack.)</i>', '<groupLimit>Auf 1 pro Verzauberungsart beschränkt.</groupLimit><br>Verzaubert Stiefel, um den Bonus „Heimwacht“ zu erhalten.<br><br><unique>EINMALIG, Passiv - Heimwacht:</unique> Ein Besuch beim Händler erhöht Leben und Manaregeneration stark und gewährt +200 % zusätzliches Lauftempo, das über 8 Sekunden abklingt. Zusätzliches Lauftempo und Regeneration sind 6 Sekunden lang deaktiviert, wenn du Schaden verursachst oder erleidest.<br><br><i>(Einmalige passive Boni mit dem gleichen Namen wirken nicht kumulativ.)</i>', '', '', '2014-04-30 18:00:46', '2014-05-12 20:43:34', 3255),
(3252, 3252, 'Enchantment: Furor', 'Verzauberung: Aufruhr', '<groupLimit>Limited to 1 of each enchantment type.</groupLimit><br>Enchants boots to have Furor bonus.<br><br><unique>UNIQUE Passive - Furor:</unique> Upon dealing damage with a single target spell or attack (on hit), grants +12% Movement Speed that decays over 2 seconds.<br><br><i>(Unique Passives with the same name don''t stack.)</i>', '<groupLimit>Auf 1 pro Verzauberungsart beschränkt.</groupLimit><br>Verzaubert Stiefel, um den Bonus „Aufruhr“ zu erhalten.<br><br><unique>EINMALIG, Passiv - Aufruhr:</unique> Immer wenn du mit einem Einzelzielangriff (bei einem Treffer) oder einer Einzelzielfähigkeit Schaden verursachst, erhältst du +12 % zusätzliches Lauftempo, das über 2 Sekunden abklingt.<br><br><i>(Einmalige passive Boni mit dem gleichen Namen wirken nicht kumulativ.)</i>', '', '', '2014-04-30 18:00:46', '2014-05-12 20:43:34', 3252),
(3253, 3253, 'Enchantment: Distortion', 'Verzauberung: Verzerrung', '<groupLimit>Limited to 1 of each enchantment type.</groupLimit><br>Enchants boots to have Distortion bonus.<br><br><unique>UNIQUE Passive - Distortion:</unique> Teleport, Flash, and Ghost summoner spell cooldowns are reduced by 20% and are granted additional mobility: <br><br><font color=''#FFDD00''>Ghost:</font> Grants 40% Movement Speed from 27%.<br><font color=''#FFDD00''>Flash:</font> 20% Movement Speed bonus for 1 second after cast.<br><font color=''#FFDD00''>Teleport:</font> 30% Movement Speed bonus for 3 seconds after use.<br><br><i>(Unique Passives with the same name don''t stack.)</i>', '<groupLimit>Auf 1 pro Verzauberungsart beschränkt.</groupLimit><br>Verzaubert Stiefel, um den Bonus „Verzerrung“ zu erhalten.<br><br><unique>EINMALIG, Passiv - Verzerrung:</unique> Die Abklingzeiten deiner Beschwörerzauber „Teleportation“, „Blitz“ und „Geist“ sind um 20 % verringert und sie gewähren zusätzliche Mobilität: <br><br><font color=''#FFDD00''>Geist:</font> Gewährt statt 27 % dann 40 % Lauftempo.<br><font color=''#FFDD00''>Blitz:</font> 1 Sekunde lang nach der Ausführung 20 % Lauftempobonus.<br><font color=''#FFDD00''>Teleportation:</font> 3 Sekunden lang nach der Ausführung 30 % Lauftempobonus.<br><br><i>(Einmalige passive Boni mit dem gleichen Namen wirken nicht kumulativ.)</i>', '', '', '2014-04-30 18:00:46', '2014-05-12 20:43:34', 3253),
(3263, 3263, 'Enchantment: Distortion', 'Verzauberung: Verzerrung', '<groupLimit>Limited to 1 of each enchantment type.</groupLimit><br>Enchants boots to have Distortion bonus.<br><br><unique>UNIQUE Passive - Distortion:</unique> Teleport, Flash, and Ghost summoner spell cooldowns are reduced by 20% and are granted additional mobility: <br><br><font color=''#FFDD00''>Ghost:</font> Grants 40% Movement Speed from 27%.<br><font color=''#FFDD00''>Flash:</font> 20% Movement Speed bonus for 1 second after cast.<br><font color=''#FFDD00''>Teleport:</font> 30% Movement Speed bonus for 3 seconds after use.<br><br><i>(Unique Passives with the same name don''t stack.)</i>', '<groupLimit>Auf 1 pro Verzauberungsart beschränkt.</groupLimit><br>Verzaubert Stiefel, um den Bonus „Verzerrung“ zu erhalten.<br><br><unique>EINMALIG, Passiv - Verzerrung:</unique> Die Abklingzeiten deiner Beschwörerzauber „Teleportation“, „Blitz“ und „Geist“ sind um 20 % verringert und sie gewähren zusätzliche Mobilität: <br><br><font color=''#FFDD00''>Geist:</font> Gewährt statt 27 % dann 40 % Lauftempo.<br><font color=''#FFDD00''>Blitz:</font> 1 Sekunde lang nach der Ausführung 20 % Lauftempobonus.<br><font color=''#FFDD00''>Teleportation:</font> 3 Sekunden lang nach der Ausführung 30 % Lauftempobonus.<br><br><i>(Einmalige passive Boni mit dem gleichen Namen wirken nicht kumulativ.)</i>', '', '', '2014-04-30 18:00:46', '2014-05-12 20:43:34', 3263),
(3264, 3264, 'Enchantment: Alacrity', 'Verzauberung: Eifer', '<groupLimit>Limited to 1 of each enchantment type.</groupLimit><br>Enchants boots to have Alacrity bonus. <br><br><unique>UNIQUE Passive - Alacrity:</unique> +20 Movement Speed<br><br><i>(Unique Passives with the same name don''t stack.)</i>', '<groupLimit>Auf 1 pro Verzauberungsart beschränkt.</groupLimit><br>Verzaubert Stiefel mit einer Eifer-Verbesserung.<br><br><unique>EINMALIG, Passiv - Eifer:</unique> +20 Lauftempo<br><br><i>(Einmalige passive Boni mit dem gleichen Namen wirken nicht kumulativ.)</i>', '', '', '2014-04-30 18:00:46', '2014-05-12 20:43:34', 3264),
(3265, 3265, 'Enchantment: Homeguard', 'Verzauberung: Heimwacht', '<groupLimit>Limited to 1 of each enchantment type.</groupLimit><br>Enchants boots to have Homeguard bonus.<br><br><unique>UNIQUE Passive - Homeguard:</unique> Visiting the shop vastly increases Health and Mana regeneration and grants 200% bonus Movement Speed that decays over 8 seconds.  Bonus Movement Speed and Regeneration are disabled for 6 seconds upon dealing or taking damage.<br><br><i>(Unique Passives with the same name don''t stack.)</i>', '<groupLimit>Auf 1 pro Verzauberungsart beschränkt.</groupLimit><br>Verzaubert Stiefel, um den Bonus „Heimwacht“ zu erhalten.<br><br><unique>EINMALIG, Passiv - Heimwacht:</unique> Ein Besuch beim Händler erhöht Leben und Manaregeneration stark und gewährt +200 % zusätzliches Lauftempo, das über 8 Sekunden abklingt. Zusätzliches Lauftempo und Regeneration sind 6 Sekunden lang deaktiviert, wenn du Schaden verursachst oder erleidest.<br><br><i>(Einmalige passive Boni mit dem gleichen Namen wirken nicht kumulativ.)</i>', '', '', '2014-04-30 18:00:46', '2014-05-12 20:43:34', 3265),
(3266, 3266, 'Enchantment: Captain', 'Verzauberung: Hauptmann', '<groupLimit>Limited to 1 of each enchantment type.</groupLimit><br>Enchants boots to have Captain bonus.<br><br><unique>UNIQUE Passive - Captain:</unique> Grants +10% Movement Speed to nearby approaching allied champions. Grants nearby minions +20% Movement Speed.<br><br><i>(Unique Passives with the same name don''t stack.)</i>', '<groupLimit>Auf 1 pro Verzauberungsart beschränkt.</groupLimit><br>Verzaubert Stiefel, um den Bonus „Hauptmann“ zu erhalten.<br><br><unique>EINMALIG, Passiv - Hauptmann:</unique> Gewährt verbündeten Champions in der Nähe, die auf dich zukommen, +10 % Lauftempo. Verbündete Vasallen um dich herum erhalten +20 % Lauftempo.<br><br><i>(Einmalige passive Boni mit dem gleichen Namen wirken nicht kumulativ.)</i>', '', '', '2014-04-30 18:00:46', '2014-05-12 20:43:34', 3266),
(3260, 3260, 'Enchantment: Homeguard', 'Verzauberung: Heimwacht', '<groupLimit>Limited to 1 of each enchantment type.</groupLimit><br>Enchants boots to have Homeguard bonus.<br><br><unique>UNIQUE Passive - Homeguard:</unique> Visiting the shop vastly increases Health and Mana regeneration and grants 200% bonus Movement Speed that decays over 8 seconds.  Bonus Movement Speed and Regeneration are disabled for 6 seconds upon dealing or taking damage.<br><br><i>(Unique Passives with the same name don''t stack.)</i>', '<groupLimit>Auf 1 pro Verzauberungsart beschränkt.</groupLimit><br>Verzaubert Stiefel, um den Bonus „Heimwacht“ zu erhalten.<br><br><unique>EINMALIG, Passiv - Heimwacht:</unique> Ein Besuch beim Händler erhöht Leben und Manaregeneration stark und gewährt +200 % zusätzliches Lauftempo, das über 8 Sekunden abklingt. Zusätzliches Lauftempo und Regeneration sind 6 Sekunden lang deaktiviert, wenn du Schaden verursachst oder erleidest.<br><br><i>(Einmalige passive Boni mit dem gleichen Namen wirken nicht kumulativ.)</i>', '', '', '2014-04-30 18:00:46', '2014-05-12 20:43:34', 3260),
(3261, 3261, 'Enchantment: Captain', 'Verzauberung: Hauptmann', '<groupLimit>Limited to 1 of each enchantment type.</groupLimit><br>Enchants boots to have Captain bonus.<br><br><unique>UNIQUE Passive - Captain:</unique> Grants +10% Movement Speed to nearby approaching allied champions. Grants nearby minions +20% Movement Speed.<br><br><i>(Unique Passives with the same name don''t stack.)</i>', '<groupLimit>Auf 1 pro Verzauberungsart beschränkt.</groupLimit><br>Verzaubert Stiefel, um den Bonus „Hauptmann“ zu erhalten.<br><br><unique>EINMALIG, Passiv - Hauptmann:</unique> Gewährt verbündeten Champions in der Nähe, die auf dich zukommen, +10 % Lauftempo. Verbündete Vasallen um dich herum erhalten +20 % Lauftempo.<br><br><i>(Einmalige passive Boni mit dem gleichen Namen wirken nicht kumulativ.)</i>', '', '', '2014-04-30 18:00:46', '2014-05-12 20:43:34', 3261),
(3262, 3262, 'Enchantment: Furor', 'Verzauberung: Aufruhr', '<groupLimit>Limited to 1 of each enchantment type.</groupLimit><br>Enchants boots to have Furor bonus.<br><br><unique>UNIQUE Passive - Furor:</unique> Upon dealing damage with a single target spell or attack (on hit), grants +12% Movement Speed that decays over 2 seconds.<br><br><i>(Unique Passives with the same name don''t stack.)</i>', '<groupLimit>Auf 1 pro Verzauberungsart beschränkt.</groupLimit><br>Verzaubert Stiefel, um den Bonus „Aufruhr“ zu erhalten.<br><br><unique>EINMALIG, Passiv - Aufruhr:</unique> Immer wenn du mit einem Einzelzielangriff (bei einem Treffer) oder einer Einzelzielfähigkeit Schaden verursachst, erhältst du +12 % zusätzliches Lauftempo, das über 2 Sekunden abklingt.<br><br><i>(Einmalige passive Boni mit dem gleichen Namen wirken nicht kumulativ.)</i>', '', '', '2014-04-30 18:00:46', '2014-05-12 20:43:34', 3262),
(3361, 3361, 'Greater Stealth Totem (Trinket)', 'Großes getarntes Totem (Schmuck)', '<groupLimit>Limited to 1 Trinket.</groupLimit><stats> Level 9+ required to upgrade.</stats><br><br><unique>UNIQUE Active:</unique> Places an invisible ward that reveals the surrounding area for 180 seconds (120 second cooldown). Limit 3 <font color=''#BBFFFF''>Stealth Ward</font> on the map per player.<br><br><i>(Trinkets cannot be used in the first 120 seconds of a game. Selling a Trinket will disable Trinket use for 120 seconds.)</i>', '<groupLimit>Auf 1 Schmuck begrenzt</groupLimit><stats> Zum Aufwerten wird Stufe 9+ benötigt</stats><br><br><unique>EINMALIG, Aktiv:</unique> Platziert ein unsichtbares Auge, das die Umgebung 180 Sekunden lang aufdeckt (120 Sekunden Abklingzeit). Auf 3 <font color=''#BBFFFF''>Getarnte Augen</font> auf der Karte pro Spieler begrenzt<br><br><i>(Schmuck kann nicht in den ersten 120 Sekunden eines Spiels verwendet werden. Beim Verkaufen von Schmuck wird er 120 Sekunden lang unbrauchbar.)</i>', '', '', '2014-04-30 18:00:46', '2014-05-12 20:43:34', 3361),
(3362, 3362, 'Greater Vision Totem (Trinket)', 'Großes Sehendes Totem (Schmuck)', '<groupLimit>Limited to 1 Trinket.</groupLimit><stats> Level 9+ required to upgrade.</stats><br><br><unique>UNIQUE Active:</unique> Places a visible ward that reveals the surrounding area and invisible units in the area until killed (180 second cooldown). Limit 1 <font color=''#BBFFFF''>Vision Ward</font> on the map per player.<br><br><i>(Trinkets cannot be used in the first 120 seconds of a game. Selling a Trinket will disable Trinket use for 120 seconds.)</i>', '<groupLimit>Auf 1 Schmuck begrenzt</groupLimit><stats> Zum Aufwerten wird Stufe 9+ benötigt</stats><br><br><unique>EINMALIG, Aktiv:</unique> Platziert ein sichtbares Auge, das die Umgebung und unsichtbare Einheiten in dem Gebiet aufdeckt, bis sie getötet sind (180 Sekunden Abklingzeit). Auf 1 <font color=''#BBFFFF''>Magisches Auge</font> auf der Karte pro Spieler begrenzt<br><br><i>(Schmuck kann nicht in den ersten 120 Sekunden eines Spiels verwendet werden. Beim Verkaufen von Schmuck wird er 120 Sekunden lang unbrauchbar.)</i>', '', '', '2014-04-30 18:00:46', '2014-05-12 20:43:34', 3362),
(3363, 3363, 'Farsight Orb (Trinket)', 'Weitsicht-Kugel (Schmuck)', '<groupLimit>Limited to 1 Trinket.</groupLimit><stats> Level 9+ required to upgrade.</stats><br><br><unique>UNIQUE Active:</unique> Reveals an area up to 4000 units away for 2 second. Enemy champions found will be revealed for 5 seconds (90 second cooldown).<br><br><i>(Trinkets cannot be used in the first 120 seconds of a game. Selling a Trinket will disable Trinket use for 120 seconds.)</i>', '<groupLimit>Auf 1 Schmuck begrenzt</groupLimit><stats> Zum Aufwerten wird Stufe 9+ benötigt</stats><br><br><unique>EINMALIG, Aktiv:</unique> Deckt ein Gebiet, das bis zu 4000 Einheiten entfernt ist, 2 Sekunde lang auf. Gegnerische Champions werden 5 Sekunden lang aufgedeckt. (90 Sekunden Abklingzeit)<br><br><i>(Schmuck kann nicht in den ersten 120 Sekunden eines Spiels verwendet werden. Beim Verkaufen von Schmuck wird er 120 Sekunden lang unbrauchbar.)</i>', '', '', '2014-04-30 18:00:46', '2014-05-12 20:43:34', 3363),
(3364, 3364, 'Oracle''s Lens (Trinket)', 'Linse des Orakels (Schmuck)', '<groupLimit>Limited to 1 Trinket.</groupLimit><stats> Level 9+ required to upgrade.</stats><br><br><unique>UNIQUE Active:</unique> Reveals and disables nearby invisible traps, devices and wards for 6 seconds in a medium radius and grants detection of nearby invisible units for 10 seconds (60 second cooldown.)<br><br><i>(Trinkets cannot be used in the first 120 seconds of a game. Selling a Trinket will disable Trinket use for 120 seconds.)</i>', '<groupLimit>Auf 1 Schmuck begrenzt</groupLimit><stats> Zum Aufwerten wird Stufe 9+ benötigt</stats><br><br><unique>EINMALIG, Aktiv:</unique> Deckt unsichtbare Fallen, Gerätschaften und Augen in der Nähe in einem mittleren Radius 6 Sekunden lang auf und deaktiviert sie. Zudem werden 10 Sekunden lang unsichtbare Einheiten in der Nähe aufgespürt. (60 Sekunden Abklingzeit)<br><br><i>(Schmuck kann nicht in den ersten 120 Sekunden eines Spiels verwendet werden. Beim Verkaufen von Schmuck wird er 120 Sekunden lang unbrauchbar.)</i>', '', '', '2014-04-30 18:00:46', '2014-05-12 20:43:34', 3364),
(3257, 3257, 'Enchantment: Furor', 'Verzauberung: Aufruhr', '<groupLimit>Limited to 1 of each enchantment type.</groupLimit><br>Enchants boots to have Furor bonus.<br><br><unique>UNIQUE Passive - Furor:</unique> Upon dealing damage with a single target spell or attack (on hit), grants +12% Movement Speed that decays over 2 seconds.<br><br><i>(Unique Passives with the same name don''t stack.)</i>', '<groupLimit>Auf 1 pro Verzauberungsart beschränkt.</groupLimit><br>Verzaubert Stiefel, um den Bonus „Aufruhr“ zu erhalten.<br><br><unique>EINMALIG, Passiv - Aufruhr:</unique> Immer wenn du mit einem Einzelzielangriff (bei einem Treffer) oder einer Einzelzielfähigkeit Schaden verursachst, erhältst du +12 % zusätzliches Lauftempo, das über 2 Sekunden abklingt.<br><br><i>(Einmalige passive Boni mit dem gleichen Namen wirken nicht kumulativ.)</i>', '', '', '2014-04-30 18:00:46', '2014-05-12 20:43:34', 3257);
INSERT INTO `items` (`id`, `item_id`, `name`, `name_de`, `description`, `description_de`, `plaintext`, `plaintext_de`, `created_at`, `updated_at`, `riot_id`) VALUES
(3256, 3256, 'Enchantment: Captain', 'Verzauberung: Hauptmann', '<groupLimit>Limited to 1 of each enchantment type.</groupLimit><br>Enchants boots to have Captain bonus.<br><br><unique>UNIQUE Passive - Captain:</unique> Grants +10% Movement Speed to nearby approaching allied champions. Grants nearby minions +20% Movement Speed.<br><br><i>(Unique Passives with the same name don''t stack.)</i>', '<groupLimit>Auf 1 pro Verzauberungsart beschränkt.</groupLimit><br>Verzaubert Stiefel, um den Bonus „Hauptmann“ zu erhalten.<br><br><unique>EINMALIG, Passiv - Hauptmann:</unique> Gewährt verbündeten Champions in der Nähe, die auf dich zukommen, +10 % Lauftempo. Verbündete Vasallen um dich herum erhalten +20 % Lauftempo.<br><br><i>(Einmalige passive Boni mit dem gleichen Namen wirken nicht kumulativ.)</i>', '', '', '2014-04-30 18:00:46', '2014-05-12 20:43:34', 3256),
(3259, 3259, 'Enchantment: Alacrity', 'Verzauberung: Eifer', '<groupLimit>Limited to 1 of each enchantment type.</groupLimit><br>Enchants boots to have Alacrity bonus. <br><br><unique>UNIQUE Passive - Alacrity:</unique> +20 Movement Speed<br><br><i>(Unique Passives with the same name don''t stack.)</i>', '<groupLimit>Auf 1 pro Verzauberungsart beschränkt.</groupLimit><br>Verzaubert Stiefel mit einer Eifer-Verbesserung.<br><br><unique>EINMALIG, Passiv - Eifer:</unique> +20 Lauftempo<br><br><i>(Einmalige passive Boni mit dem gleichen Namen wirken nicht kumulativ.)</i>', '', '', '2014-04-30 18:00:46', '2014-05-12 20:43:34', 3259),
(3258, 3258, 'Enchantment: Distortion', 'Verzauberung: Verzerrung', '<groupLimit>Limited to 1 of each enchantment type.</groupLimit><br>Enchants boots to have Distortion bonus.<br><br><unique>UNIQUE Passive - Distortion:</unique> Teleport, Flash, and Ghost summoner spell cooldowns are reduced by 20% and are granted additional mobility: <br><br><font color=''#FFDD00''>Ghost:</font> Grants 40% Movement Speed from 27%.<br><font color=''#FFDD00''>Flash:</font> 20% Movement Speed bonus for 1 second after cast.<br><font color=''#FFDD00''>Teleport:</font> 30% Movement Speed bonus for 3 seconds after use.<br><br><i>(Unique Passives with the same name don''t stack.)</i>', '<groupLimit>Auf 1 pro Verzauberungsart beschränkt.</groupLimit><br>Verzaubert Stiefel, um den Bonus „Verzerrung“ zu erhalten.<br><br><unique>EINMALIG, Passiv - Verzerrung:</unique> Die Abklingzeiten deiner Beschwörerzauber „Teleportation“, „Blitz“ und „Geist“ sind um 20 % verringert und sie gewähren zusätzliche Mobilität: <br><br><font color=''#FFDD00''>Geist:</font> Gewährt statt 27 % dann 40 % Lauftempo.<br><font color=''#FFDD00''>Blitz:</font> 1 Sekunde lang nach der Ausführung 20 % Lauftempobonus.<br><font color=''#FFDD00''>Teleportation:</font> 3 Sekunden lang nach der Ausführung 30 % Lauftempobonus.<br><br><i>(Einmalige passive Boni mit dem gleichen Namen wirken nicht kumulativ.)</i>', '', '', '2014-04-30 18:00:46', '2014-05-12 20:43:34', 3258),
(3276, 3276, 'Enchantment: Captain', 'Verzauberung: Hauptmann', '<groupLimit>Limited to 1 of each enchantment type.</groupLimit><br>Enchants boots to have Captain bonus.<br><br><unique>UNIQUE Passive - Captain:</unique> Grants +10% Movement Speed to nearby approaching allied champions. Grants nearby minions +20% Movement Speed.<br><br><i>(Unique Passives with the same name don''t stack.)</i>', '<groupLimit>Auf 1 pro Verzauberungsart beschränkt.</groupLimit><br>Verzaubert Stiefel, um den Bonus „Hauptmann“ zu erhalten.<br><br><unique>EINMALIG, Passiv - Hauptmann:</unique> Gewährt verbündeten Champions in der Nähe, die auf dich zukommen, +10 % Lauftempo. Verbündete Vasallen um dich herum erhalten +20 % Lauftempo.<br><br><i>(Einmalige passive Boni mit dem gleichen Namen wirken nicht kumulativ.)</i>', '', '', '2014-04-30 18:00:46', '2014-05-12 20:43:34', 3276),
(3277, 3277, 'Enchantment: Furor', 'Verzauberung: Aufruhr', '<groupLimit>Limited to 1 of each enchantment type.</groupLimit><br>Enchants boots to have Furor bonus.<br><br><unique>UNIQUE Passive - Furor:</unique> Upon dealing damage with a single target spell or attack (on hit), grants +12% Movement Speed that decays over 2 seconds.<br><br><i>(Unique Passives with the same name don''t stack.)</i>', '<groupLimit>Auf 1 pro Verzauberungsart beschränkt.</groupLimit><br>Verzaubert Stiefel, um den Bonus „Aufruhr“ zu erhalten.<br><br><unique>EINMALIG, Passiv - Aufruhr:</unique> Immer wenn du mit einem Einzelzielangriff (bei einem Treffer) oder einer Einzelzielfähigkeit Schaden verursachst, erhältst du +12 % zusätzliches Lauftempo, das über 2 Sekunden abklingt.<br><br><i>(Einmalige passive Boni mit dem gleichen Namen wirken nicht kumulativ.)</i>', '', '', '2014-04-30 18:00:46', '2014-05-12 20:43:34', 3277),
(3274, 3274, 'Enchantment: Alacrity', 'Verzauberung: Eifer', '<groupLimit>Limited to 1 of each enchantment type.</groupLimit><br>Enchants boots to have Alacrity bonus. <br><br><unique>UNIQUE Passive - Alacrity:</unique> +20 Movement Speed<br><br><i>(Unique Passives with the same name don''t stack.)</i>', '<groupLimit>Auf 1 pro Verzauberungsart beschränkt.</groupLimit><br>Verzaubert Stiefel mit einer Eifer-Verbesserung.<br><br><unique>EINMALIG, Passiv - Eifer:</unique> +20 Lauftempo<br><br><i>(Einmalige passive Boni mit dem gleichen Namen wirken nicht kumulativ.)</i>', '', '', '2014-04-30 18:00:46', '2014-05-12 20:43:34', 3274),
(3275, 3275, 'Enchantment: Homeguard', 'Verzauberung: Heimwacht', '<groupLimit>Limited to 1 of each enchantment type.</groupLimit><br>Enchants boots to have Homeguard bonus.<br><br><unique>UNIQUE Passive - Homeguard:</unique> Visiting the shop vastly increases Health and Mana regeneration and grants 200% bonus Movement Speed that decays over 8 seconds.  Bonus Movement Speed and Regeneration are disabled for 6 seconds upon dealing or taking damage.<br><br><i>(Unique Passives with the same name don''t stack.)</i>', '<groupLimit>Auf 1 pro Verzauberungsart beschränkt.</groupLimit><br>Verzaubert Stiefel, um den Bonus „Heimwacht“ zu erhalten.<br><br><unique>EINMALIG, Passiv - Heimwacht:</unique> Ein Besuch beim Händler erhöht Leben und Manaregeneration stark und gewährt +200 % zusätzliches Lauftempo, das über 8 Sekunden abklingt. Zusätzliches Lauftempo und Regeneration sind 6 Sekunden lang deaktiviert, wenn du Schaden verursachst oder erleidest.<br><br><i>(Einmalige passive Boni mit dem gleichen Namen wirken nicht kumulativ.)</i>', '', '', '2014-04-30 18:00:46', '2014-05-12 20:43:34', 3275),
(3272, 3272, 'Enchantment: Furor', 'Verzauberung: Aufruhr', '<groupLimit>Limited to 1 of each enchantment type.</groupLimit><br>Enchants boots to have Furor bonus.<br><br><unique>UNIQUE Passive - Furor:</unique> Upon dealing damage with a single target spell or attack (on hit), grants +12% Movement Speed that decays over 2 seconds.<br><br><i>(Unique Passives with the same name don''t stack.)</i>', '<groupLimit>Auf 1 pro Verzauberungsart beschränkt.</groupLimit><br>Verzaubert Stiefel, um den Bonus „Aufruhr“ zu erhalten.<br><br><unique>EINMALIG, Passiv - Aufruhr:</unique> Immer wenn du mit einem Einzelzielangriff (bei einem Treffer) oder einer Einzelzielfähigkeit Schaden verursachst, erhältst du +12 % zusätzliches Lauftempo, das über 2 Sekunden abklingt.<br><br><i>(Einmalige passive Boni mit dem gleichen Namen wirken nicht kumulativ.)</i>', '', '', '2014-04-30 18:00:46', '2014-05-12 20:43:34', 3272),
(3273, 3273, 'Enchantment: Distortion', 'Verzauberung: Verzerrung', '<groupLimit>Limited to 1 of each enchantment type.</groupLimit><br>Enchants boots to have Distortion bonus.<br><br><unique>UNIQUE Passive - Distortion:</unique> Teleport, Flash, and Ghost summoner spell cooldowns are reduced by 20% and are granted additional mobility: <br><br><font color=''#FFDD00''>Ghost:</font> Grants 40% Movement Speed from 27%.<br><font color=''#FFDD00''>Flash:</font> 20% Movement Speed bonus for 1 second after cast.<br><font color=''#FFDD00''>Teleport:</font> 30% Movement Speed bonus for 3 seconds after use.<br><br><i>(Unique Passives with the same name don''t stack.)</i>', '<groupLimit>Auf 1 pro Verzauberungsart beschränkt.</groupLimit><br>Verzaubert Stiefel, um den Bonus „Verzerrung“ zu erhalten.<br><br><unique>EINMALIG, Passiv - Verzerrung:</unique> Die Abklingzeiten deiner Beschwörerzauber „Teleportation“, „Blitz“ und „Geist“ sind um 20 % verringert und sie gewähren zusätzliche Mobilität: <br><br><font color=''#FFDD00''>Geist:</font> Gewährt statt 27 % dann 40 % Lauftempo.<br><font color=''#FFDD00''>Blitz:</font> 1 Sekunde lang nach der Ausführung 20 % Lauftempobonus.<br><font color=''#FFDD00''>Teleportation:</font> 3 Sekunden lang nach der Ausführung 30 % Lauftempobonus.<br><br><i>(Einmalige passive Boni mit dem gleichen Namen wirken nicht kumulativ.)</i>', '', '', '2014-04-30 18:00:46', '2014-05-12 20:43:34', 3273),
(3270, 3270, 'Enchantment: Homeguard', 'Verzauberung: Heimwacht', '<groupLimit>Limited to 1 of each enchantment type.</groupLimit><br>Enchants boots to have Homeguard bonus.<br><br><unique>UNIQUE Passive - Homeguard:</unique> Visiting the shop vastly increases Health and Mana regeneration and grants 200% bonus Movement Speed that decays over 8 seconds.  Bonus Movement Speed and Regeneration are disabled for 6 seconds upon dealing or taking damage.<br><br><i>(Unique Passives with the same name don''t stack.)</i>', '<groupLimit>Auf 1 pro Verzauberungsart beschränkt.</groupLimit><br>Verzaubert Stiefel, um den Bonus „Heimwacht“ zu erhalten.<br><br><unique>EINMALIG, Passiv - Heimwacht:</unique> Ein Besuch beim Händler erhöht Leben und Manaregeneration stark und gewährt +200 % zusätzliches Lauftempo, das über 8 Sekunden abklingt. Zusätzliches Lauftempo und Regeneration sind 6 Sekunden lang deaktiviert, wenn du Schaden verursachst oder erleidest.<br><br><i>(Einmalige passive Boni mit dem gleichen Namen wirken nicht kumulativ.)</i>', '', '', '2014-04-30 18:00:46', '2014-05-12 20:43:34', 3270),
(3271, 3271, 'Enchantment: Captain', 'Verzauberung: Hauptmann', '<groupLimit>Limited to 1 of each enchantment type.</groupLimit><br>Enchants boots to have Captain bonus.<br><br><unique>UNIQUE Passive - Captain:</unique> Grants +10% Movement Speed to nearby approaching allied champions. Grants nearby minions +20% Movement Speed.<br><br><i>(Unique Passives with the same name don''t stack.)</i>', '<groupLimit>Auf 1 pro Verzauberungsart beschränkt.</groupLimit><br>Verzaubert Stiefel, um den Bonus „Hauptmann“ zu erhalten.<br><br><unique>EINMALIG, Passiv - Hauptmann:</unique> Gewährt verbündeten Champions in der Nähe, die auf dich zukommen, +10 % Lauftempo. Verbündete Vasallen um dich herum erhalten +20 % Lauftempo.<br><br><i>(Einmalige passive Boni mit dem gleichen Namen wirken nicht kumulativ.)</i>', '', '', '2014-04-30 18:00:46', '2014-05-12 20:43:34', 3271),
(3269, 3269, 'Enchantment: Alacrity', 'Verzauberung: Eifer', '<groupLimit>Limited to 1 of each enchantment type.</groupLimit><br>Enchants boots to have Alacrity bonus. <br><br><unique>UNIQUE Passive - Alacrity:</unique> +20 Movement Speed<br><br><i>(Unique Passives with the same name don''t stack.)</i>', '<groupLimit>Auf 1 pro Verzauberungsart beschränkt.</groupLimit><br>Verzaubert Stiefel mit einer Eifer-Verbesserung.<br><br><unique>EINMALIG, Passiv - Eifer:</unique> +20 Lauftempo<br><br><i>(Einmalige passive Boni mit dem gleichen Namen wirken nicht kumulativ.)</i>', '', '', '2014-04-30 18:00:46', '2014-05-12 20:43:34', 3269),
(3268, 3268, 'Enchantment: Distortion', 'Verzauberung: Verzerrung', '<groupLimit>Limited to 1 of each enchantment type.</groupLimit><br>Enchants boots to have Distortion bonus.<br><br><unique>UNIQUE Passive - Distortion:</unique> Teleport, Flash, and Ghost summoner spell cooldowns are reduced by 20% and are granted additional mobility: <br><br><font color=''#FFDD00''>Ghost:</font> Grants 40% Movement Speed from 27%.<br><font color=''#FFDD00''>Flash:</font> 20% Movement Speed bonus for 1 second after cast.<br><font color=''#FFDD00''>Teleport:</font> 30% Movement Speed bonus for 3 seconds after use.<br><br><i>(Unique Passives with the same name don''t stack.)</i>', '<groupLimit>Auf 1 pro Verzauberungsart beschränkt.</groupLimit><br>Verzaubert Stiefel, um den Bonus „Verzerrung“ zu erhalten.<br><br><unique>EINMALIG, Passiv - Verzerrung:</unique> Die Abklingzeiten deiner Beschwörerzauber „Teleportation“, „Blitz“ und „Geist“ sind um 20 % verringert und sie gewähren zusätzliche Mobilität: <br><br><font color=''#FFDD00''>Geist:</font> Gewährt statt 27 % dann 40 % Lauftempo.<br><font color=''#FFDD00''>Blitz:</font> 1 Sekunde lang nach der Ausführung 20 % Lauftempobonus.<br><font color=''#FFDD00''>Teleportation:</font> 3 Sekunden lang nach der Ausführung 30 % Lauftempobonus.<br><br><i>(Einmalige passive Boni mit dem gleichen Namen wirken nicht kumulativ.)</i>', '', '', '2014-04-30 18:00:46', '2014-05-12 20:43:34', 3268),
(3267, 3267, 'Enchantment: Furor', 'Verzauberung: Aufruhr', '<groupLimit>Limited to 1 of each enchantment type.</groupLimit><br>Enchants boots to have Furor bonus.<br><br><unique>UNIQUE Passive - Furor:</unique> Upon dealing damage with a single target spell or attack (on hit), grants +12% Movement Speed that decays over 2 seconds.<br><br><i>(Unique Passives with the same name don''t stack.)</i>', '<groupLimit>Auf 1 pro Verzauberungsart beschränkt.</groupLimit><br>Verzaubert Stiefel, um den Bonus „Aufruhr“ zu erhalten.<br><br><unique>EINMALIG, Passiv - Aufruhr:</unique> Immer wenn du mit einem Einzelzielangriff (bei einem Treffer) oder einer Einzelzielfähigkeit Schaden verursachst, erhältst du +12 % zusätzliches Lauftempo, das über 2 Sekunden abklingt.<br><br><i>(Einmalige passive Boni mit dem gleichen Namen wirken nicht kumulativ.)</i>', '', '', '2014-04-30 18:00:46', '2014-05-12 20:43:34', 3267),
(1004, 1004, 'Faerie Charm', 'Feenamulett', '<stats>+3 Mana Regen per 5 seconds</stats>', '<stats>+3 Manaregeneration alle 5 s</stats>', '', '', '2014-04-30 18:00:46', '2014-05-12 20:43:34', 1004),
(1001, 1001, 'Boots of Speed', 'Laufstiefel', '<groupLimit>Limited to 1.</groupLimit><br><br><unique>UNIQUE Passive - Enhanced Movement:</unique> +25 Movement Speed<br><br><i>(Unique Passives with the same name don''t stack.)</i>', '<groupLimit>Auf 1 beschränkt.</groupLimit><br><br><unique>EINMALIG, Passiv - Verbesserte Bewegung:</unique> +25 Lauftempo<br><br><i>(Einmalige passive Boni mit dem gleichen Namen wirken nicht kumulativ.)</i>', '', '', '2014-04-30 18:00:46', '2014-05-12 20:43:34', 1001),
(3146, 3146, 'Hextech Gunblade', 'Hextech-Gunblade', '<stats>+45 Attack Damage<br>+65 Ability Power<br>+12% Life Steal</stats><br><br><unique>UNIQUE Passive:</unique> +20% Spell Vamp<br><unique>UNIQUE Passive:</unique> Basic attacks (on hit) and single-target spells against champions reduce the cooldown of this item by 3 seconds.<br><active>UNIQUE Active:</active> Deals 150 (+40% of Ability Power) magic damage and slows the target champion''s Movement Speed by 40% for 2 seconds (60 second cooldown).<br><br><i>(Spell Vamp: Abilities heal for a percentage of the damage they deal. Area of Effect spells only grant one-third of the healing from Spell Vamp.)</i>', '<stats>+45 Angriffsschaden<br>+65 Fähigkeitsstärke<br>+12 % Lebensraub</stats><br><br><unique>EINMALIG, Passiv:</unique> +20 % Zaubervampir<br><unique>EINMALIG, Passiv:</unique> Normale Angriffe (bei einem Treffer) und Einzelzielfähigkeiten gegen Champions verringern die laufende Abklingzeit dieses Gegenstands um jeweils 3 Sekunden.<br><active>EINMALIG, Aktiv:</active> Verursacht 150 (+ 40 % Fähigkeitsstärke) magischen Schaden und verringert das Lauftempo des Champions im Ziel 2 Sekunden lang um 40 % (60 Sekunden Abklingzeit).<br><br><i>(Zaubervampir: Fähigkeiten heilen einen Prozentsatz des durch sie verursachten Schadens. Fähigkeiten mit Flächenwirkung gewähren nur ein Drittel der Heilung des Zaubervampirs.)</i>', '', '', '2014-04-30 18:00:46', '2014-05-12 20:43:34', 3146),
(1006, 1006, 'Rejuvenation Bead', 'Perle der Verjüngung', '<stats>+5 Health Regen per 5 seconds</stats>', '<stats>+5 Lebensregeneration alle 5 s</stats>', '', '', '2014-04-30 18:00:46', '2014-05-12 20:43:34', 1006),
(3005, 3005, 'Atma''s Impaler', 'Atmas Pfähler', '<stats>+45 Armor<br>+15% Critical Strike Chance</stats><br><br><unique>UNIQUE Passive:</unique> Grants bonus Attack Damage equal to 1.5% of maximum Health.', '<stats>+45 Rüstung<br>+15 % Chance auf kritische Treffer</stats><br><br><unique>EINMALIG, Passiv:</unique> Gewährt zusätzlichen Angriffsschaden in Höhe von 1,5 % des maximalen Lebens.', '', '', '2014-04-30 18:00:46', '2014-05-12 20:43:34', 3005),
(3006, 3006, 'Berserker''s Greaves', 'Beinschienen des Berserkers', '<stats> +20% Attack Speed</stats><br><br><unique>UNIQUE Passive - Enhanced Movement:</unique> +45 Movement Speed<br><br><i>(Unique Passives with the same name don''t stack.)</i>', '<stats>+20 % Angriffstempo</stats><br><br><unique>EINMALIG, Passiv - Verbesserte Bewegung:</unique> +45 Lauftempo<br><br><i>(Einmalige passive Boni mit dem gleichen Namen wirken nicht kumulativ.)</i>.', '', '', '2014-04-30 18:00:46', '2014-05-12 20:43:34', 3006),
(3003, 3003, 'Archangel''s Staff', 'Stab des Erzengels', '<stats>+250 Mana<br>+60 Ability Power<br>+10 Mana Regen per 5 seconds</stats><br><br><unique>UNIQUE Passive - Insight:</unique> Grants Ability Power equal to 3% of maximum Mana.<br><unique>UNIQUE Passive - Mana Charge:</unique> Grants +8 maximum Mana (max +750 Mana) for each spell cast and Mana expenditure (occurs up to 2 times every 8 seconds). Transforms into Seraph''s Embrace at +750 Mana.<br><br><i>(Unique Passives with the same name don''t stack.)</i>', '<stats>+250 Mana<br>+60 Fähigkeitsstärke<br>10 Manaregeneration alle 5 s</stats><br><br><unique>EINMALIG, Passiv - Einsicht:</unique> Gewährt Fähigkeitsstärke in Höhe von 3 % des maximalen Manas.<br><unique>EINMALIG, Passiv - Manaladung:</unique> Gewährt +8 maximales Mana (max +750 Mana) pro Zauber und Manaausgabe (tritt bis zu 2 Mal alle 8 Sekunden auf). Verwandelt sich bei +750 Mana in „Umarmung des Seraphen“.<br><br><i>(Einmalige passive Boni mit dem gleichen Namen wirken nicht kumulativ.)</i>', '', '', '2014-04-30 18:00:46', '2014-05-12 20:43:34', 3003),
(3004, 3004, 'Manamune', 'Manamune', '<stats>+250 Mana<br>+20 Attack Damage<br>+7 Mana Regen per 5 seconds </stats><br><br><unique>UNIQUE Passive - Awe:</unique> Grants bonus Attack Damage equal to 2% of maximum Mana.<br><unique>UNIQUE Passive - Mana Charge:</unique> Grants +4 maximum Mana (max +750 Mana) for each basic attack, spell cast, and Mana expenditure (occurs up to 2 times every 8 seconds).<br><br>Transforms into Muramana at +750 Mana.<br><br><i>(Unique Passives with the same name don''t stack.)</i>', '<stats>+250 Mana<br>+20 Angriffsschaden<br>+7 Manaregeneration alle 5 s</stats><br><br><unique>EINMALIG, Passiv - Ehrfurcht:</unique> Gewährt Angriffsschaden in Höhe von 2 % des maximalen Manas.<br><unique>EINMALIG, Passiv - Manaladung:</unique> Gewährt +4 maximales Mana (maximal +750 Mana) pro Zauber und Manaausgabe (tritt bis zu 2 Mal alle 8 Sekunden auf). <br><br>Verwandelt sich bei +750 Mana in „Muramana“.<br><br><i>(Einmalige passive Boni mit dem gleichen Namen wirken nicht kumulativ.)</i>', '', '', '2014-04-30 18:00:46', '2014-05-12 20:43:34', 3004),
(3009, 3009, 'Boots of Swiftness', 'Stiefel der Wendigkeit', '<unique>UNIQUE Passive - Enhanced Movement:</unique> +60 Movement Speed<br><unique>UNIQUE Passive - Slow Resist:</unique> Movement slowing effects are reduced by 25%.<br><br><i>(Unique Passives with the same name don''t stack.)</i>', '<unique>EINMALIG, Passiv - Verbesserte Bewegung:</unique> +60 Lauftempo.<br><unique>EINMALIG, Passiv - Unaufhaltsam:</unique> Beeinträchtigungen des Lauftempos sind 25 % weniger effektiv.<br><br><i>(Einmalige passive Boni mit dem gleichen Namen wirken nicht kumulativ.)</i>', '', '', '2014-04-30 18:00:46', '2014-05-12 20:43:37', 3009),
(3007, 3007, 'Archangel''s Staff (Crystal Scar)', 'Stab des Erzengels (Kristallnarbe)', '<stats>+250 Mana<br>+60 Ability Power<br>+10 Mana Regen per 5 seconds</stats><br><br><unique>UNIQUE Passive - Insight:</unique> Grants Ability Power equal to 3% of maximum Mana.<br><unique>UNIQUE Passive - Mana Charge:</unique> Grants +10 maximum Mana (max +750 Mana) for each spell cast and Mana expenditure (occurs up to 2 times every 6 seconds). Transforms into Seraph''s Embrace at +750 Mana.<br><br><i>(Unique Passives with the same name don''t stack.)</i>', '<stats>+250 Mana<br>+60 Fähigkeitsstärke<br>+10 Manaregeneration alle 5 Sekunden</stats><br><br><unique>EINMALIG, Passiv - Einsicht:</unique> Gewährt Fähigkeitsstärke in Höhe von 3 % des maximalen Manas.<br><br><unique>EINMALIG, Passiv - Manaladung:</unique> Gewährt +10 maximales Mana (max +750 Mana) pro Zauber und Manaausgabe (tritt bis zu 2 Mal alle 6 Sekunden auf). Verwandelt sich bei +750 Mana in „Umarmung des Seraphen“.<br><br><i>(Einmalige passive Boni mit dem gleichen Namen wirken nicht kumulativ.)</i>', '', '', '2014-04-30 18:00:46', '2014-05-12 20:43:37', 3007),
(3008, 3008, 'Manamune (Crystal Scar)', 'Manamune (Kristallnarbe)', '<stats>+250 Mana<br>+20 Attack Damage<br>+7 Mana Regen per 5 seconds </stats><br><br><unique>UNIQUE Passive - Awe:</unique> Grants bonus Attack Damage equal to 2% of maximum Mana.<br><unique>UNIQUE Passive - Mana Charge:</unique> Grants +8 maximum Mana (max +750 Mana) for each basic attack, spell cast, and Mana expenditure (occurs up to 2 times every 6 seconds).<br><br>Transforms into Muramana at +750 Mana.<br><br><i>(Unique Passives with the same name don''t stack.)</i>', '<stats>+250 Mana<br>+20 Angriffsschaden<br>+7 Manaregeneration alle 5 Sekunden </stats><br><br><unique>EINMALIG, Passiv - Ehrfurcht:</unique> Gewährt zusätzlichen Angriffsschaden in Höhe von 2 % des maximalen Manas.<br><unique>EINMALIG, Passiv - Manaladung:</unique> Gewährt +8 maximales Mana (max +750 Mana) pro normalem Angriff, Zauber und Manaausgabe (tritt bis zu 2 Mal alle 6 Sekunden auf).<br><br>Verwandelt sich bei  +750 Mana in Muramana.<br><br><i>(Einmalige passive Boni mit dem gleichen Namen wirken nicht kumulativ.)</i>', '', '', '2014-04-30 18:00:46', '2014-05-12 20:43:37', 3008),
(3342, 3342, 'Scrying Orb (Trinket)', 'Wahrsagerkugel (Schmuck)', '<groupLimit>Limited to 1 Trinket.</groupLimit><br><br><unique>Active:</unique> Reveals a small location within 2500 range for 2 second. Enemy champions found will be revealed for 5 seconds (120 second cooldown).<br><br>At level 9, cast range increases to 3500.<br><br><i>(Trinkets cannot be used in the first 120 seconds of a game. Selling a Trinket will disable Trinket use for 120 seconds.)</i>', '<groupLimit>Auf 1 Schmuck begrenzt</groupLimit><br><br><unique>Aktiv:</unique> Deckt ein kleines Gebiet innerhalb von 2500 Reichweite 2 Sekunde lang auf. Gefundene gegnerische Champions werden 5 Sekunden lang aufgedeckt. (120 Sekunden Abklingzeit)<br><br>Auf Stufe 9 erhöht sich die Reichweite auf 3500.<br><br><i>(Schmuck kann nicht in den ersten 120 Sekunden eines Spiels verwendet werden. Beim Verkaufen von Schmuck wird er 120 Sekunden lang unbrauchbar.)</i>', '', '', '2014-04-30 18:00:46', '2014-05-12 20:43:37', 3342),
(3341, 3341, 'Sweeping Lens (Trinket)', 'Späherlinse (Schmuck)', '<groupLimit>Limited to 1 Trinket.</groupLimit><br><br><unique>Active:</unique> Reveals and disables nearby invisible traps and invisible wards for 6 seconds in a small radius (120 second cooldown.)<br><br>At level 9, cast range and sweep radius increase by 50% each and the cooldown is reduced to 60 seconds.<br><br><i>(Trinkets cannot be used in the first 120 seconds of a game. Selling a Trinket will disable Trinket use for 120 seconds.)</i>', '<groupLimit>Auf 1 Schmuck begrenzt</groupLimit><br><br><unique>Aktiv:</unique> Deckt unsichtbare Fallen und unsichtbare Augen in der Nähe in einem kleinen Radius 6 Sekunden lang auf und deaktiviert sie (120 Sekunden Abklingzeit).<br><br>Auf Stufe 9 erhöhen sich die Reichweite und der Radius jeweils um 50 % und die Abklingzeit wird auf 60 Sekunden verringert.<br><br><i>(Schmuck kann nicht in den ersten 120 Sekunden eines Spiels verwendet werden. Beim Verkaufen von Schmuck wird er 120 Sekunden lang unbrauchbar.)</i>', '', '', '2014-04-30 18:00:46', '2014-05-12 20:43:37', 3341),
(3340, 3340, 'Warding Totem (Trinket)', 'Abwehrtotem (Schmuck)', '<groupLimit>Limited to 1 Trinket.</groupLimit><br><br><unique>Active:</unique> Places a <font color=''#BBFFFF''>Stealth Ward</font> that lasts 60 seconds (120 second cooldown).<br><br>At level 9, this ward''s duration increases to 120 seconds.<br><br>Limit 3 <font color=''#BBFFFF''>Stealth Wards</font> on the map per player.<br><br><i>(Trinkets cannot be used in the first 120 seconds of a game. Selling a Trinket will disable Trinket use for 120 seconds.)</i>', '<groupLimit>Auf 1 Schmuck begrenzt</groupLimit><br><br><unique>Aktiv:</unique> Platziert ein <font color=''#BBFFFF''>Getarntes Auge</font>, das 60 Sekunden andauert (120 Sekunden Abklingzeit).<br><br>Auf Stufe 9 erhöht sich die Dauer dieses Auges auf 120 Sekunden.<br><br>Auf 3 <font color=''#BBFFFF''>Getarnte Augen</font> auf der Karte pro Spieler begrenzt<br><br><i>(Schmuck kann nicht in den ersten 120 Sekunden eines Spiels verwendet werden. Beim Verkaufen von Schmuck wird er 120 Sekunden lang unbrauchbar.)</i>', '', '', '2014-04-30 18:00:46', '2014-05-12 20:43:37', 3340),
(3010, 3010, 'Catalyst the Protector', 'Katalysator des Beschützers', '<stats>+200 Health<br>+300 Mana</stats><br><br><unique>UNIQUE Passive - Valor''s Reward:</unique> Upon leveling up, restores 150 Health and 200 Mana over 8 seconds.<br><br><i>(Unique Passives with the same name don''t stack.)</i>', '<stats>+200 Leben<br>+300 Mana</stats><br><br><unique>EINMALIG, Passiv - Heldenlohn:</unique> Stellt beim Stufenaufstieg 8 Sekunden lang insgesamt 150 Leben und 200 Mana wieder her.<br><br><i>(Einmalige passive Boni mit dem gleichen Namen wirken nicht kumulativ.)</i>', '', '', '2014-04-30 18:00:46', '2014-05-12 20:43:37', 3010),
(3156, 3156, 'Maw of Malmortius', 'Schlund von Malmortius', '<stats>+60 Attack Damage<br>+40 Magic Resist</stats><br><br><unique>UNIQUE Passive:</unique> Grants +1 Attack Damage for every 2% of missing Health, up to a maximum of 35 Attack Damage.<br><unique>UNIQUE Passive - Lifeline:</unique> Upon taking magic damage that would reduce Health below 30%, grants a shield that absorbs 400 magic damage for 5 seconds (90 second cooldown).<br><br><i>(Unique Passives with the same name don''t stack.)</i>', '<stats>+60 Angriffsschaden<br>+40 Magieresistenz</stats><br><br><unique>EINMALIG, Passiv:</unique> Gewährt für jeweils 2 % fehlenden Lebens +1 Angriffsschaden (bis maximal 35 Angriffsschaden).<br><unique>EINMALIG, Passiv - Magieblocker:</unique> Fällt durch einen Treffer mit magischem Schaden dein Leben auf unter 30 %, wird ein Schild gewährt, der 5 Sekunden lang bis zu 400 magischen Schaden absorbiert (90 Sekunden Abklingzeit).<br><br><i>(Einmalige passive Boni mit dem gleichen Namen wirken nicht kumulativ.)</i>', '', '', '2014-04-30 18:00:46', '2014-05-12 20:43:37', 3156),
(3155, 3155, 'Hexdrinker', 'Hextrinker', '<stats>+25 Attack Damage<br>+25 Magic Resist</stats><br><br><unique>UNIQUE Passive - Lifeline:</unique> Upon taking magic damage that would reduce Health below 30%, grants a shield that absorbs 250 magic damage for 5 seconds (90 second cooldown).<br><br><i>(Unique Passives with the same name don''t stack.)</i>', '<stats>+25 Angriffsschaden<br>+25 Magieresistenz</stats><br><br><unique>EINMALIG, Passiv - Magieblocker:</unique> Fällt durch einen Treffer mit magischem Schaden dein Leben auf unter 30 %, wird ein Schild gewährt, der 5 Sekunden lang bis zu 250 magischen Schaden absorbiert (90 Sekunden Abklingzeit).<br><br><i>(Einmalige passive Boni mit dem gleichen Namen wirken nicht kumulativ.)</i>', '', '', '2014-04-30 18:00:46', '2014-05-12 20:43:37', 3155),
(3154, 3154, 'Wriggle''s Lantern', 'Wriggles Laterne', '<stats>+12 Attack Damage<br>+30% Attack Speed</stats><br><br><unique>UNIQUE Passive - Maim:</unique> Basic attacks against monsters deal 75 bonus magic damage and heal 10 Health on hit.<br><unique>UNIQUE Passive:</unique> Gain 30% increased Gold from monsters.<br><active>UNIQUE Active:</active> Places a <font color=''#BBFFFF''>Stealth Ward</font> that reveals the surrounding area for 180 seconds (180 second cooldown).<br><br>Transforms into Feral Flare at 30 kills, assists and large monster kills.<br><i>(Champions and monsters killed with Hunter''s Machete and Madred''s Razors count toward this transformation)</i><br><br><groupLimit>Limited to 1 Gold Income item</groupLimit>', '<stats>+12 Angriffsschaden<br>+30 % Angriffstempo</stats><br><br><unique>EINMALIG, Passiv - Verstümmeln:</unique> Normale Angriffe auf Monster verursachen bei Treffern 75 zusätzlichen magischen Schaden und heilen 10 Leben.<br><unique>EINMALIG, Passiv:</unique> Du erhältst 30 % mehr Gold von Monstern.<br><active>EINMALIG, Aktiv:</active> Platziert ein <font color=''#BBFFFF''>Getarntes Auge</font>, das 180 Sekunden lang die Umgebung aufdeckt (180 Sekunden Abklingzeit).<br><br>Verwandelt sich nach 30 Tötungen, Unterstützungen und Tötungen großer Monster in Wilde Fackel.<br><i>(Champions und Monster, die mit Machete des Jägers und Madreds Schnitter getötet werden, zählen dafür auch.)</i><br><br><groupLimit>Auf 1 Goldertrag-Gegenstand begrenzt</groupLimit>', '', '', '2014-04-30 18:00:46', '2014-05-12 20:43:37', 3154),
(3153, 3153, 'Blade of the Ruined King', 'Klinge des gestürzten Königs', '<stats>+25 Attack Damage<br>+40% Attack Speed<br>+15% Life Steal</stats><br><br><unique>UNIQUE Passive:</unique> Basic attacks deal 5% of the target''s current Health in bonus physical damage (max 60 vs. monsters and minions) on hit.<br><active>UNIQUE Active:</active> Deals 15% of target champion''s maximum Health (min. 100) as physical damage, heals for the same amount, and steals 30% of the target''s Movement Speed for 3 seconds (90 second cooldown).', '<stats>+25 Angriffsschaden<br>+40 % Angriffstempo<br>+15 % Lebensraub</stats><br><br><unique>EINMALIG, Passiv:</unique> Normale Angriffe verursachen bei einem Treffer zusätzlichen normalen Schaden in Höhe von 5 % des aktuellen Lebens des Ziels (max. 60 gegen Monster und Vasallen).<br><active>EINMALIG, Aktiv:</active> Verursacht 15 % des maximalen Lebens des gewählten gegnerischen Champions (min. 100) als normalen Schaden, heilt für den gleichen Betrag und stiehlt dem Ziel 3 Sekunden lang 30 % seines Lauftempos (90 Sekunden Abklingzeit).', '', '', '2014-04-30 18:00:46', '2014-05-12 20:43:37', 3153),
(1011, 1011, 'Giant''s Belt', 'Gürtel des Riesen', '<stats>+380 Health</stats>', '<stats>+380 Leben</stats>', '', '', '2014-04-30 18:00:46', '2014-05-12 20:43:37', 1011),
(3152, 3152, 'Will of the Ancients', 'Wille der Uralten', '<stats>+80 Ability Power<br>+10% Cooldown Reduction</stats><br><br><unique>UNIQUE Passive:</unique> +20% Spell Vamp<br><br><i>(Spell Vamp: Abilities heal for a percentage of the damage they deal. Area of Effect spells only grant one-third of the healing from Spell Vamp.)</i>', '<stats>+80 Fähigkeitsstärke<br>+10 % Abklingzeitverringerung</stats><br><br><unique>EINMALIG, Passiv:</unique> +20 % Zaubervampir<br><br><i>(Zaubervampir: Fähigkeiten heilen einen Prozentsatz des durch sie verursachten Schadens. Fähigkeiten mit Flächenwirkung gewähren nur ein Drittel der Heilung des Zaubervampirs.)</i>', '', '', '2014-04-30 18:00:46', '2014-05-12 20:43:37', 3152),
(3200, 3200, 'The Hex Core', 'Hex-Core', '<stats>+3 Ability Power per level</stats><br><br><i>(This item can be upgraded into one of three augments that enhance Viktor''s basic abilities. Click the item in the store to discover its upgrades.)</i>', '<stats>+3 Fähigkeitsstärke pro Stufe</stats><br><br><i>(Dieser Gegenstand kann zu einer von drei möglichen Verstärkungen verbessert werden, um Viktors normale Fähigkeiten zu erweitern. Mögliche Optionen sind beim Händler einsehbar und aktivierbar.)</i>', '', '', '2014-04-30 18:00:46', '2014-05-12 20:43:37', 3200),
(3151, 3151, 'Liandry''s Torment', 'Liandrys Qual', '<stats>+50 Ability Power<br>+300 Health</stats><br><br><unique>UNIQUE Passive - Eyes of Pain:</unique> +15 Magic Penetration<br><unique>UNIQUE Passive:</unique> Dealing spell damage applies a damage-over-time effect for 3 seconds that deals bonus magic damage equal to 2% of the target''s current Health per second. This bonus damage is doubled against movement-impaired units and capped at 100 damage per second vs. monsters.<br><br><i>(A unit is movement-impaired if it is slowed, stunned, taunted, feared, or immobilized.)</i><br><br><i>(Magic Penetration: Magic damage is increased by ignoring an amount of the target''s Magic Resist equal to Magic Penetration.)</i><br><br><i>(Unique Passives with the same name don''t stack.)</i>', '<stats>+50 Fähigkeitsstärke<br>+300 Leben</stats><br><br><unique>EINMALIG, Passiv - Augen des Schmerzes:</unique> +15 Magiedurchdringung<br><unique>EINMALIG, Passiv:</unique> Zauberschaden verursacht wiederholt jede Sekunde magischen Schaden in Höhe von 2 % des aktuellen Lebens des Ziels. Dieser zusätzliche Schaden wird verdoppelt, wenn die Bewegungsfähigkeit des Ziels beeinträchtigt ist, und beträgt gegen Monster maximal 100 Schaden pro Sekunde.<br><br><i>(Eine Einheit gilt als beeinträchtigt, wenn sie verlangsamt, betäubt, verspottet, verängstigt oder bewegungsunfähig ist.)</i><br><br><i>(Magiedurchdringung: Magischer Schaden wird erhöht, indem ein Teil der Magieresistenz des Ziels, der Magiedurchdringung entspricht, ignoriert wird.)</i><br><br><i>(Einmalige passive Boni mit dem gleichen Namen wirken nicht kumulativ.)</i>', '', '', '2014-04-30 18:00:46', '2014-05-12 20:43:37', 3151),
(3139, 3139, 'Mercurial Scimitar', 'Flinker Krummsäbel', '<stats>+60 Attack Damage<br>+45 Magic Resist</stats><br><br><active>UNIQUE Active - Quicksilver:</active> Removes all debuffs, and if champion is melee, also grants +50% bonus Movement Speed for 1 second (90 second cooldown).', '<stats>+60 Angriffsschaden<br>+45 Magieresistenz</stats><br><br><active>EINMALIG, Aktiv - Quecksilber:</active> Entfernt alle Beeinträchtigungen und falls der Champion ein Nahkämpfer ist, wird ihm 1 Sekunde lang +50 % Lauftempo gewährt (90 Sekunden Abklingzeit).', '', '', '2014-04-30 18:00:46', '2014-05-12 20:43:37', 3139),
(3135, 3135, 'Void Staff', 'Leerenstab', '<stats>+70 Ability Power</stats><br><br><unique>UNIQUE Passive:</unique> Magic damage ignores 35% of the target''s Magic Resist (applies before Magic Penetration).', '<stats>+70 Fähigkeitsstärke</stats><br><br><unique>EINMALIG, Passiv:</unique> Magischer Schaden ignoriert 35 % der Magieresistenz des Ziels (wird vor Magiedurchdringung berechnet).', '', '', '2014-04-30 18:00:46', '2014-05-12 20:43:37', 3135),
(3136, 3136, 'Haunting Guise', 'Geisterhafte Erscheinung', '<stats>+25 Ability Power<br>+200 Health</stats><br><br><unique>UNIQUE Passive - Eyes of Pain:</unique> +15 Magic Penetration<br><br><i>(Magic Penetration: Magic damage is increased by ignoring an amount of the target''s Magic Resist equal to Magic Penetration.)</i><br><br><i>(Unique Passives with the same name do not stack.)</i>', '<stats>+25 Fähigkeitsstärke<br>+200 Leben</stats><br><br><unique>EINMALIG, Passiv - Augen des Schmerzes:</unique> +15 Magiedurchdringung<br><br><i>(Magiedurchdringung: Magischer Schaden wird erhöht, indem ein Teil der Magieresistenz des Ziels, der Magiedurchdringung entspricht, ignoriert wird.)</i><br><br><i>(Einmalige passive Boni mit dem gleichen Namen wirken nicht kumulativ.)</i>', '', '', '2014-04-30 18:00:46', '2014-05-12 20:43:37', 3136),
(3206, 3206, 'Spirit of the Spectral Wraith', 'Seele des Spektralgeistes', '<stats>+50 Ability Power<br>+10% Cooldown Reduction</stats><br><br><unique>UNIQUE Passive - Spirit Drain:</unique> Grants 2 Ability Power per large or epic monster kill. (max: 30)<br><unique>UNIQUE Passive - Butcher:</unique> Against monsters, deal 30% bonus damage and restore 6% of damage dealt as Health and 3% as Mana.<br><unique>UNIQUE Passive - Conservation:</unique> Upon killing a large or epic monster, grants up to 40 bonus Gold, based on the last time Conservation triggered (Max 80 stacks of Conservation).<br><br><groupLimit>Limited to 1 Gold Income item</groupLimit>', '<stats>+50 Fähigkeitsstärke<br>+10 % Abklingzeitverringerung</stats><br><br><unique>EINMALIG, Passiv - Geistzehrer:</unique> Gewährt bei Tötung eines großen oder epischen Monsters 2 Fähigkeitsstärke (max. 30).<br><unique>EINMALIG, Passiv - Schlachter:</unique> Verursacht an Monstern 30 % zusätzlichen Schaden und stellt 6 % des verursachten Schadens als Leben und 3 % als Mana wieder her.<br><unique>EINMALIG, Passiv - Bewahrung:</unique> Durch das Töten eines großen oder epischen Monsters erhältst du bis zu 40 Gold, abhängig vom letzten Mal, dass Bewahrung ausgelöst wurde. (Maximal 80 Steigerungen Bewahrung)<br><br><groupLimit>Auf 1 Goldertrag-Gegenstand begrenzt</groupLimit>', '', '', '2014-04-30 18:00:46', '2014-05-12 20:43:37', 3206),
(3137, 3137, 'Dervish Blade', 'Derwischklinge', '<stats>+50% Attack Speed<br>+45 Magic Resist<br>+10% Cooldown Reduction</stats><br><br><active>UNIQUE Active - Quicksilver:</active> Removes all debuffs, and if champion is melee, also grants +50% bonus Movement Speed for 1 second (90 second cooldown).', '<stats>+50 % Angriffstempo<br>+45 Magieresistenz<br>+10 % Abklingzeiten</stats><br><br><active>EINMALIG, Aktiv - Quecksilber:</active> Entfernt alle Beeinträchtigungen und falls es sich um einen Nahkampf-Champion handelt, werden diesem zudem 1 Sekunde lang +50 % zusätzliches Lauftempo gewährt (90 Sekunden Abklingzeit).', '', '', '2014-04-30 18:00:46', '2014-05-12 20:43:37', 3137),
(3207, 3207, 'Spirit of the Ancient Golem', 'Seele des uralten Golems', '<stats>+350 Health<br>+10% Cooldown Reduction</stats><br><br><unique>UNIQUE Passive - Tenacity:</unique> Reduces the duration of stuns, slows, taunts, fears, silences, blinds, polymorphs, and immobilizes by 35%.<br><unique>UNIQUE Passive - Butcher:</unique> Against monsters, deal 30% bonus damage and restore 6% of damage dealt as Health and 3% Mana.<br><unique>UNIQUE Passive - Conservation:</unique> Upon killing a large or epic monster, grants up to 40 bonus Gold, based on the last time Conservation triggered (Max 80 stacks of Conservation).<br><br><groupLimit>Limited to 1 Gold Income item</groupLimit>', '<stats>+350 Leben<br>+10 % Abklingzeitverringerung</stats><br><br><unique>EINMALIG, Passiv - Zähigkeit:</unique> Verringert die Dauer von Betäubungen, Verlangsamungen, Spott, Ängsten, Verstummungen, Blendungen, Verwandlungen und Festhalten um 35 %.<br><unique>EINMALIG, Passiv - Schlachter:</unique> Verursacht an Monstern 30 % zusätzlichen Schaden und stellt 6 % des verursachten Schadens als Leben und 3 % als Mana wieder her.<br><unique>EINMALIG, Passiv - Bewahrung:</unique> Wenn du ein großes oder episches Monster tötest, werden dir bis zu 40 zusätzliches Gold, abhängig vom letzten Mal, als Bewahrung ausgelöst wurde, gewährt. (Maximal 80 Steigerungen Bewahrung)<br><br><groupLimit>Auf 1 Goldertrag-Gegenstand begrenzt</groupLimit>', '', '', '2014-04-30 18:00:46', '2014-05-12 20:43:37', 3207),
(3209, 3209, 'Spirit of the Elder Lizard', 'Seele des Echsenältesten', '<stats>+30 Attack Damage<br>+10% Cooldown Reduction</stats><br><br><unique>UNIQUE Passive - Incinerate:</unique> Deals 16-50 (based on level) true damage over 3 seconds on dealing physical damage.<br><unique>UNIQUE Passive - Butcher:</unique> Against monsters, deal 20% bonus damage and restore 6% of damage dealt as Health and 3% as Mana.<br><unique>UNIQUE Passive - Conservation:</unique> Upon killing a large or epic monster, grants up to 40 bonus Gold, based on the last time Conservation triggered (Max 80 stacks of Conservation).<br><br><groupLimit>Limited to 1 Gold Income item</groupLimit>', '<stats>+30 Angriffsschaden<br>+10 % Abklingzeitverringerung</stats><br><br><unique>EINMALIG, Passiv - Verbrennen:</unique> Verursacht 3 Sekunden lang (abhängig von der Stufe) 16-50 absoluten Schaden, wenn normaler Schaden verursacht wird.<br><unique>EINMALIG, Passiv - Schlachter:</unique> Verursacht an Monstern 20 % zusätzlichen Schaden und stellt 6 % des verursachten Schadens als Leben und 3 % als Mana wieder her.<br><unique>EINMALIG, Passiv - Bewahrung:</unique> Durch das Töten eines großen oder epischen Monsters erhältst du bis zu 40 Gold, abhängig vom letzten Mal, dass Bewahrung ausgelöst wurde. (Maximal 80 Steigerungen Bewahrung)<br><br><groupLimit>Auf 1 Goldertrag-Gegenstand begrenzt</groupLimit>', '', '', '2014-04-30 18:00:46', '2014-05-12 20:43:37', 3209),
(3408, 3408, 'Bonetooth Necklace', 'Knochenzahn-Halskette', '<unique>UNIQUE Active - Sweeping Lens:</unique> Reveals and disables nearby invisible traps and invisible wards for 6 seconds in a medium radius (60 second cooldown). Active upgrades at 20 Trophies.<br><br><unique>UNIQUE Passive - Mementos of the Hunt:</unique> Rengar collects trophies when killing Champions and gains bonus effects based on how many trophies he has. Kills and assists grant 1 trophy.<br><br><passive>3 Trophies:</passive> Rengar gains 25 Movement Speed whilst out of combat or in brush. <br><passive>6 Trophies:</passive> Increases the range of Rengar''s Leap by 125.<br><passive>12 Trophies:</passive> Thrill of the Hunt''s duration is increased by 5 seconds.<br><passive>20 Trophies:</passive> Thrill of the Hunt''s Movement Speed while stealthed is doubled.', '<unique>EINMALIG, Aktiv - Späherlinse:</unique> Deckt unsichtbare Fallen und unsichtbare Augen in einem mittleren Radius 6 Sekunden lang auf und macht sie unschädlich (60 Sekunden Abklingzeit). Aktive Aufwertungen bei 20 Trophäen.<br><br><unique>EINMALIG, Passiv - Andenken an die Jagd:</unique> Rengar sammelt Trophäen von getöteten Champions und erhält je nach Anzahl der gesammelten Trophäen zusätzliche Effekte. Tötungen und Unterstützungen gewähren 1 Trophäe.<br><br><passive>3 Trophäen:</passive> 25 Lauftempo, wenn er nicht kämpft oder im hohen Gras ist.<br><passive>6 Trophäen:</passive> Die Reichweite von Rengars Sprung wird um 125 erhöht.<br><passive>12 Trophäen:</passive> Die Dauer von Jagdfieber wird um 5 Sekunden erhöht.<br><passive>20 Trophäen:</passive> Das Lauftempo von Jagdfieber während der Tarnung ist verdoppelt.', '', '', '2014-04-30 18:00:46', '2014-05-12 20:43:37', 3408),
(3407, 3407, 'Bonetooth Necklace', 'Knochenzahn-Halskette', '<unique>UNIQUE Active - Sweeping Lens:</unique> Reveals and disables nearby invisible traps and invisible wards for 6 seconds in a medium radius (60 second cooldown). Active upgrades at 20 Trophies.<br><br><unique>UNIQUE Passive - Mementos of the Hunt:</unique> Rengar collects trophies when killing Champions and gains bonus effects based on how many trophies he has. Kills and assists grant 1 trophy.<br><br><passive>3 Trophies:</passive> Rengar gains 25 Movement Speed whilst out of combat or in brush. <br><passive>6 Trophies:</passive> Increases the range of Rengar''s Leap by 125.<br><passive>12 Trophies:</passive> Thrill of the Hunt''s duration is increased by 5 seconds.<br><passive>20 Trophies:</passive> Thrill of the Hunt''s Movement Speed while stealthed is doubled.', '<unique>EINMALIG, Aktiv - Späherlinse:</unique> Deckt unsichtbare Fallen und unsichtbare Augen in einem mittleren Radius 6 Sekunden lang auf und macht sie unschädlich (60 Sekunden Abklingzeit). Aktive Aufwertungen bei 20 Trophäen.<br><br><unique>EINMALIG, Passiv - Andenken an die Jagd:</unique> Rengar sammelt Trophäen von getöteten Champions und erhält je nach Anzahl der gesammelten Trophäen zusätzliche Effekte. Tötungen und Unterstützungen gewähren 1 Trophäe.<br><br><passive>3 Trophäen:</passive> 25 Lauftempo, wenn er nicht kämpft oder im hohen Gras ist.<br><passive>6 Trophäen:</passive> Die Reichweite von Rengars Sprung wird um 125 erhöht.<br><passive>12 Trophäen:</passive> Die Dauer von Jagdfieber wird um 5 Sekunden erhöht.<br><passive>20 Trophäen:</passive> Das Lauftempo von Jagdfieber während der Tarnung ist verdoppelt.', '', '', '2014-04-30 18:00:46', '2014-05-12 20:43:37', 3407),
(3409, 3409, 'Bonetooth Necklace', 'Knochenzahn-Halskette', '<unique>UNIQUE Active - Sweeping Lens:</unique> Reveals and disables nearby invisible traps and invisible wards for 6 seconds in a medium radius and grants detection of invisible units for 10 seconds (60 second cooldown).<br><br><unique>UNIQUE Passive - Mementos of the Hunt:</unique> Rengar collects trophies when killing Champions and gains bonus effects based on how many trophies he has. Kills and assists grant 1 trophy.<br><br><passive>3 Trophies:</passive> Rengar gains 25 Movement Speed whilst out of combat or in brush. <br><passive>6 Trophies:</passive> Increases the range of Rengar''s Leap by 125.<br><passive>12 Trophies:</passive> Thrill of the Hunt''s duration is increased by 5 seconds.<br><passive>20 Trophies:</passive> Thrill of the Hunt''s Movement Speed while stealthed is doubled.', '<unique>EINMALIG, Aktiv - Späherlinse:</unique> Deckt unsichtbare Fallen und unsichtbare Augen in einem mittleren Radius 6 Sekunden lang auf und macht sie unschädlich. Zudem werden 10 Sekunden lang unsichtbare Einheiten aufgespürt. (60 Sekunden Abklingzeit)<br><br><unique>EINMALIG, Passiv - Andenken an die Jagd:</unique> Rengar sammelt Trophäen von getöteten Champions und erhält je nach Anzahl der gesammelten Trophäen zusätzliche Effekte. Tötungen und Unterstützungen gewähren 1 Trophäe.<br><br><passive>3 Trophäen:</passive> 25 Lauftempo, wenn er nicht kämpft oder im hohen Gras ist.<br><passive>6 Trophäen:</passive> Die Reichweite von Rengars Sprung wird um 125 erhöht.<br><passive>12 Trophäen:</passive> Die Dauer von Jagdfieber wird um 5 Sekunden erhöht.<br><passive>20 Trophäen:</passive> Das Lauftempo von Jagdfieber während der Tarnung ist verdoppelt.', '', '', '2014-04-30 18:00:46', '2014-05-12 20:43:37', 3409),
(3001, 3001, 'Abyssal Scepter', 'Höllenzepter', '<stats>+70 Ability Power<br>+45 Magic Resist</stats><br><br><aura>UNIQUE Aura:</aura> Reduces the Magic Resist of nearby enemies by 20.', '<stats>+70 Fähigkeitsstärke<br>+45 Magieresistenz</stats><br><br><aura>EINMALIG, Aura:</aura> Verringert die Magieresistenz von Gegnern in der Nähe um 20.', '', '', '2014-04-30 18:00:46', '2014-05-12 20:43:37', 3001),
(3143, 3143, 'Randuin''s Omen', 'Randuins Omen', '<stats>+500 Health<br>+70 Armor</stats><br><br><unique>UNIQUE Passive - Cold Steel:</unique> When hit by basic attacks, reduces the attacker''s Attack Speed by 15% and Movement Speed by 10% for 1 seconds.<br><active>UNIQUE Active:</active> Slows the Movement Speed of nearby enemy units by 35% for 2 seconds (+1 second per 200 Armor and +1 second per 200 Magic Resist) (60 second cooldown).<br><br><i>(Unique Passives with the same name don''t stack.)</i>', '<stats>+500 Leben<br>+70 Rüstung</stats><br><br><unique>EINMALIG, Passiv - Kalter Stahl:</unique> Bei Treffern von normalen Angriffen wird das Angriffstempo des Angreifers 1 Sekunde lang um 15 % und dessen Lauftempo um 10 % verringert.<br><active>EINMALIG, Aktiv:</active> Verringert das Lauftempo naher gegnerischer Einheiten 2 Sekunden (+ 1 Sekunde je 200 Rüstung und +1 Sekunde pro 200 Magieresistenz) lang um 35 % (60 Sekunden Abklingzeit).<br><br><i>(Einmalige passive Boni mit dem gleichen Namen wirken nicht kumulativ.)</i>', '', '', '2014-04-30 18:00:46', '2014-05-12 20:43:37', 3143),
(3142, 3142, 'Youmuu''s Ghostblade', 'Youmus Geistklinge', '<stats>+30 Attack Damage<br>+15% Critical Strike Chance<br>+10% Cooldown Reduction</stats><br><br><passive>UNIQUE Passive:</passive> +20 Armor Penetration</passive><br><active>UNIQUE Active:</active> Grants +20% Movement Speed and +40% Attack Speed (lasts 6 seconds for melee champions, 4 seconds for ranged champions) (45 second cooldown).<br><br><i>(Armor Penetration: Physical damage is increased by ignoring an amount of the target''s Armor equal to Armor Penetration.)</i>', '<stats>+30 Angriffsschaden<br>+15 % Chance auf kritische Treffer<br>+10 % Abklingzeitverringerung</stats><br><br><passive>EINMALIG, Passiv:</passive>+20 Rüstungsdurchdringung</passive><br><active>EINMALIG, Aktiv:</active> Gewährt  +20 % Lauftempo und +40 % Angriffstempo (hält bei Nahkampf-Champions 6 Sekunden an, bei Fernkampf-Champions 4 Sekunden) (45 Sekunden Abklingzeit).<br><br><i>(Rüstungsdurchdringung: Normaler Schaden wird erhöht, indem ein Teil der Rüstung des Ziels in Höhe der Rüstungsdurchdringung ignoriert wird.)</i>', '', '', '2014-04-30 18:00:46', '2014-05-12 20:43:37', 3142),
(3145, 3145, 'Hextech Revolver', 'Hextech-Revolver', '<stats>+40 Ability Power</stats><br><br><unique>UNIQUE Passive:</unique> +12% Spell Vamp<br><br><i>(Spell Vamp: Abilities heal for a percentage of the damage they deal. Area of Effect spells only grant one-third of the healing from Spell Vamp.)</i>', '<stats>+40 Fähigkeitsstärke</stats><br><br><unique>EINMALIG, Passiv:</unique> +12 % Zaubervampir<br><br><i>(Zaubervampir: Fähigkeiten heilen einen Prozentsatz des durch sie verursachten Schadens. Fähigkeiten mit Flächenwirkung gewähren nur ein Drittel der Heilung des Zaubervampirs.)</i>', '', '', '2014-04-30 18:00:46', '2014-05-12 20:43:37', 3145);
INSERT INTO `items` (`id`, `item_id`, `name`, `name_de`, `description`, `description_de`, `plaintext`, `plaintext_de`, `created_at`, `updated_at`, `riot_id`) VALUES
(3401, 3401, 'Face of the Mountain', 'Gebirgspanzer', '<stats>+500 Health<br>+20 Health Regen per 5 seconds<br>+10% Cooldown Reduction</stats><br><br><unique>UNIQUE Passive - Spoils of War:</unique> Melee basic attacks execute minions below 200 Health. Killing a minion heals you and the nearest allied champion for 50 (+1% of your maximum Health) and grants them kill Gold.<br><br>These effects require a nearby allied champion. Recharges every 30 seconds. Max 4 charges.<br><unique>UNIQUE Active:</unique> Shield target ally for 10% of your maximum Health for 4 seconds. After 4 seconds, the target explodes dealing 100% of their total Attack Damage plus 30% of their Ability Power as magic damage in an area. (60 second cooldown)<br><br><groupLimit>Limited to 1 Gold Income item</groupLimit>', '<stats>+500 Leben<br>+20 Lebensregeneration alle 5 Sekunden+<br>10 % Abklingzeitverringerung</stats><br><br><unique>EINMALIG, Passiv - Kriegsbeute:</unique> Normale Nahkampfangriffe exekutieren Vasallen mit weniger als 200 Leben. Durch die Tötung eines Vasallen werden du und der nächste verbündete Champion in Höhe von 50 (+1 % deines maximalen Lebens) geheilt und euch wird Gold pro Tötung gewährt.<br><br>Voraussetzung für diese Effekte ist ein verbündeter Champion in der Nähe. Lädt sich alle 30 Sekunden neu auf. Maximal 4 Ladungen.<br><unique>EINMALIG, Aktiv:</unique> Gewährt dem Verbündeten im Ziel 4 Sekunden lang 10 % deines maximalen Lebens als Schild. Nach 4 Sekunden explodiert das Ziel und verursacht 100 % seines Gesamten-Angriffsschadens plus 30 % seiner Fähigkeitsstärke als magischen Flächenschaden. (60 Sekunden Abklingzeit)<br><br><groupLimit>Auf 1 Goldertrag-Gegenstand begrenzt</groupLimit>', '', '', '2014-04-30 18:00:46', '2014-05-12 20:43:37', 3401),
(3144, 3144, 'Bilgewater Cutlass', 'Bilgewasser-Entermesser', '<stats>+25 Attack Damage<br>+12% Life Steal</stats><br><br><active>UNIQUE Active:</active> Deals 100 magic damage and slows the target champion''s Movement Speed by 25% for 2 seconds (90 second cooldown).', '<stats>+25 Angriffsschaden<br>+12 % Lebensraub</stats><br><br><active>EINMALIG, Aktiv:</active> Verursacht 100 magischen Schaden und verlangsamt das Lauftempo des gegnerischen Zielchampions 2 Sekunden lang um 25 % (90 Sekunden Abklingzeit).', '', '', '2014-04-30 18:00:46', '2014-05-12 20:43:37', 3144),
(3406, 3406, 'Bonetooth Necklace', 'Knochenzahn-Halskette', '<unique>UNIQUE Active - Sweeping Lens:</unique> Reveals and disables nearby invisible traps and invisible wards for 4 seconds in a small radius (90 second cooldown). Active upgrades at 6 Trophies.<br><br><unique>UNIQUE Passive - Mementos of the Hunt:</unique> Rengar collects trophies when killing Champions and gains bonus effects based on how many trophies he has. Kills and assists grant 1 trophy.<br><br><passive>3 Trophies:</passive> Rengar gains 25 Movement Speed whilst out of combat or in brush. <br><passive>6 Trophies:</passive> Increases the range of Rengar''s Leap by 125.<br><passive>12 Trophies:</passive> Thrill of the Hunt''s duration is increased by 5 seconds.<br><passive>20 Trophies:</passive> Thrill of the Hunt''s Movement Speed while stealthed is doubled.', '<unique>EINMALIG, Aktiv - Späherlinse:</unique> Deckt unsichtbare Fallen und unsichtbare Augen in einem kleinen Radius 4 Sekunden lang auf und macht sie unschädlich (90 Sekunden Abklingzeit). Aktive Aufwertungen bei 6 Trophäen.<br><br><unique>EINMALIG, Passiv - Andenken an die Jagd:</unique> Rengar sammelt Trophäen von getöteten Champions und erhält je nach Anzahl der gesammelten Trophäen zusätzliche Effekte. Tötungen und Unterstützungen gewähren 1 Trophäe.<br><br><passive>3 Trophäen:</passive> 25 Lauftempo, wenn er nicht kämpft oder im hohen Gras ist.<br><passive>6 Trophäen:</passive> Die Reichweite von Rengars Sprung wird um 125 erhöht.<br><passive>12 Trophäen:</passive> Die Dauer von Jagdfieber wird um 5 Sekunden erhöht.<br><passive>20 Trophäen:</passive> Das Lauftempo von Jagdfieber während der Tarnung ist verdoppelt.', '', '', '2014-04-30 18:00:46', '2014-05-12 20:43:37', 3406),
(3141, 3141, 'Sword of the Occult', 'Schwert des Okkulten', '<stats>+10 Attack Damage </stats><br><br><unique>UNIQUE Passive:</unique> Grants +5 Attack Damage per stack. Grants 2 stacks for a kill or 1 stack for an assist (max 20 stacks). A third of the stacks are lost upon death. At 20 stacks, grants +15% bonus Movement Speed.', '<stats>+10 Angriffsschaden</stats><br><br><unique>EINMALIG, Passiv:</unique> Gewährt für jede Steigerung +5 Angriffsschaden. Gewährt 2 Steigerungen bei einer Tötung oder eine Steigerung bei einer Unterstützung (bis zu 20-mal kumulativ). Wenn du stirbst, geht ein Drittel der Steigerungen verloren. Bei 20 Steigerungen werden +15 % zusätzliches Lauftempo gewährt.', '', '', '2014-04-30 18:00:46', '2014-05-12 20:43:37', 3141),
(3211, 3211, 'Spectre''s Cowl', 'Geisterkutte', '<stats>+200 Health<br>+45 Magic Resist</stats><br><br><unique>UNIQUE Passive:</unique> Grants 15 Health Regen per 5 seconds for up to 10 seconds after taking damage from an enemy champion.<br><br>', '<stats>+200 Leben<br>+45 Magieresistenz</stats><br><br><unique>EINMALIG, Passiv:</unique> Gewährt bis zu 10 Sekunden lang, nachdem ein gegnerischer Champion Schaden verursacht hat, 15 Lebensregeneration alle 5 Sekunden.<br><br>', '', '', '2014-04-30 18:00:46', '2014-05-12 20:43:37', 3211),
(3405, 3405, 'Bonetooth Necklace', 'Knochenzahn-Halskette', '<unique>UNIQUE Active - Sweeping Lens:</unique> Reveals and disables nearby invisible traps and invisible wards for 4 seconds in a small radius (90 second cooldown). Active upgrades at 6 Trophies.<br><br><unique>UNIQUE Passive - Mementos of the Hunt:</unique> Rengar collects trophies when killing Champions and gains bonus effects based on how many trophies he has. Kills and assists grant 1 trophy.<br><br><passive>3 Trophies:</passive> Rengar gains 25 Movement Speed whilst out of combat or in brush. <br><passive>6 Trophies:</passive> Increases the range of Rengar''s Leap by 125.<br><passive>12 Trophies:</passive> Thrill of the Hunt''s duration is increased by 5 seconds.<br><passive>20 Trophies:</passive> Thrill of the Hunt''s Movement Speed while stealthed is doubled.', '<unique>EINMALIG, Aktiv - Späherlinse:</unique> Deckt unsichtbare Fallen und unsichtbare Augen in einem kleinen Radius 4 Sekunden lang auf und macht sie unschädlich (90 Sekunden Abklingzeit). Aktive Aufwertungen bei 6 Trophäen.<br><br><unique>EINMALIG, Passiv - Andenken an die Jagd:</unique> Rengar sammelt Trophäen von getöteten Champions und erhält je nach Anzahl der gesammelten Trophäen zusätzliche Effekte. Tötungen und Unterstützungen gewähren 1 Trophäe.<br><br><passive>3 Trophäen:</passive> 25 Lauftempo, wenn er nicht kämpft oder im hohen Gras ist.<br><passive>6 Trophäen:</passive> Die Reichweite von Rengars Sprung wird um 125 erhöht.<br><passive>12 Trophäen:</passive> Die Dauer von Jagdfieber wird um 5 Sekunden erhöht.<br><passive>20 Trophäen:</passive> Das Lauftempo von Jagdfieber während der Tarnung ist verdoppelt.', '', '', '2014-04-30 18:00:46', '2014-05-12 20:43:37', 3405),
(3140, 3140, 'Quicksilver Sash', 'Quecksilberschärpe', '<stats>+45 Magic Resist</stats><br><br><active>UNIQUE Active - Quicksilver:</active> Removes all debuffs (90 second cooldown).', '<stats>+45 Magieresistenz</stats><br><br><active>EINMALIG, Aktiv - Quecksilber:</active> Entfernt alle Beeinträchtigungen (90 Sekunden Abklingzeit).', '', '', '2014-04-30 18:00:46', '2014-05-12 20:43:37', 3140),
(3420, 3420, 'Bonetooth Necklace', 'Knochenzahn-Halskette', '<unique>UNIQUE Passive - Mementos of the Hunt:</unique> Rengar collects trophies when killing Champions and gains bonus effects based on how many trophies he has. Kills and assists grant 1 trophy.<br><br><passive>3 Trophies:</passive> Rengar gains 25 Movement Speed whilst out of combat or in brush. <br><passive>6 Trophies:</passive> Increases the range of Rengar''s Leap by 125.<br><passive>12 Trophies:</passive> Thrill of the Hunt''s duration is increased by 5 seconds.<br><passive>20 Trophies:</passive> Thrill of the Hunt''s Movement Speed while stealthed is doubled.', '<unique>EINMALIG, Passiv - Andenken an die Jagd:</unique> Rengar sammelt Trophäen von getöteten Champions und erhält je nach Anzahl der gesammelten Trophäen zusätzliche Effekte. Tötungen und Unterstützungen gewähren 1 Trophäe.<br><br><passive>3 Trophäen:</passive> 25 Lauftempo, wenn er nicht kämpft oder im hohen Gras ist.<br><passive>6 Trophäen:</passive> Die Reichweite von Rengars Sprung wird um 125 erhöht.<br><passive>12 Trophäen:</passive> Die Dauer von Jagdfieber wird um 5 Sekunden erhöht.<br><passive>20 Trophäen:</passive> Das Lauftempo von Jagdfieber während der Tarnung ist verdoppelt.', '', '', '2014-04-30 18:00:46', '2014-05-12 20:43:37', 3420),
(3124, 3124, 'Guinsoo''s Rageblade', 'Guinsoos Wutklinge', '<stats>+30 Attack Damage<br>+40 Ability Power</stats><br><br><passive>Passive:</passive> Basic attacks (on attack) and spell casts grant +4% Attack Speed and +4 Ability Power for 8 seconds (stacks up to 8 times).<br><unique>UNIQUE Passive:</unique> Falling below 50% Health grants +20% Attack Speed, +10% Life Steal, and +10% Spell Vamp until out of combat (30 second cooldown).', '<stats>+30 Angriffsschaden<br>+40 Fähigkeitsstärke</stats><br><br><passive>Passiv:</passive> Normale Angriffe und benutzte Fähigkeiten gewähren 8 Sekunden lang +4 % Angriffstempo und +4 Fähigkeitsstärke (bis zu 8-mal kumulativ).<br><unique>EINMALIG, Passiv:</unique> Fällt dein Leben unter 50 %, so erhältst du +20 % Angriffstempo, +10 % Lebensraub und +10 % Zaubervampir, bis du aus dem Kampf bist (30 Sekunden Abklingzeit).', '', '', '2014-04-30 18:00:46', '2014-05-12 20:43:37', 3124),
(3128, 3128, 'Deathfire Grasp', 'Griff des Todesfeuers', '<stats>+120 Ability Power<br>+10% Cooldown Reduction</stats><br><br><active>UNIQUE Active:</active> Deals 15% of target champion''s maximum Health in magic damage and increases all subsequent magic damage taken by the target by 20% for 4 seconds (60 second cooldown).', '<stats>+120 Fähigkeitsstärke<br>+10 % Abklingzeitverringerung</stats><br><br><active>EINMALIG, Aktiv:</active> Fügt einem gegnerischen Champion 15 % dessen maximalen Lebens als magischen Schaden zu und erhöht dann 4 Sekunden lang weiteren erlittenen magischen Schaden um 20 % (60 Sekunden Abklingzeit).', '', '', '2014-04-30 18:00:46', '2014-05-12 20:43:37', 3128),
(3029, 3029, 'Rod of Ages (Crystal Scar)', 'Stab der Zeitalter (Kristallnarbe)', '<stats>+450 Health<br>+450 Mana<br>+60 Ability Power</stats><br><br><passive>Passive:</passive> Grants +20 Health, +20 Mana, and +2 Ability Power per stack (max +200 Health, +200 Mana, and +20 Ability Power). Grants 1 stack per 40 seconds (max 10 stacks).<br><unique>UNIQUE Passive - Valor''s Reward:</unique> Upon leveling up, restores 150 Health and 200 Mana over 8 seconds.<br><br><i>(Unique Passives with the same name don''t stack.)</i>', '<stats>+450 Leben<br>+450 Mana<br>+60 Fähigkeitsstärke</stats><br><br><passive>Passiv:</passive> Gewährt +20 Leben, +20 Mana und +2 Fähigkeitsstärke pro Steigerung (max +200 Leben, +200 Mana und +20 Fähigkeitsstärke). Gewährt alle 40 Sekunden 1 Steigerung (max 10 Steigerungen).<br><unique>EINMALIG, Passiv - Heldenlohn:</unique> Stellt beim Stufenaufstieg 8 Sekunden lang 150 Leben und 200 Mana wieder her.<br><br><i>(Einmalige passive Boni mit dem gleichen Namen wirken nicht kumulativ.)</i>', '', '', '2014-04-30 18:00:46', '2014-05-12 20:43:37', 3029),
(3027, 3027, 'Rod of Ages', 'Stab der Zeitalter', '<stats>+450 Health<br>+450 Mana<br>+60 Ability Power</stats><br><br><passive>Passive:</passive> Grants +20 Health, +20 Mana, and +2 Ability Power per stack (max +200 Health, +200 Mana, and +20 Ability Power). Grants 1 stack per minute (max 10 stacks).<br><unique>UNIQUE Passive - Valor''s Reward:</unique> Upon leveling up, restores 150 Health and 200 Mana over 8 seconds.<br><br><i>(Unique Passives with the same name don''t stack.)</i>', '<stats>+450 Leben<br>+450 Mana<br>+60 Fähigkeitsstärke</stats><br><br><passive>Passiv:</passive> Gewährt +20 Leben, +20 Mana und +2 Fähigkeitsstärke pro Steigerung (maximal +200 Leben, +200 Mana und +20 Fähigkeitsstärke). Gewährt 1 Steigerung pro Minute (maximal 10 Steigerungen).<br><unique>EINMALIG, Passiv - Heldenlohn:</unique> Stellt beim Stufenaufstieg 8 Sekunden lang insgesamt 150 Leben und 200 Mana wieder her.<br><br><i>(Einmalige passive Boni mit dem gleichen Namen wirken nicht kumulativ.)</i>', '', '', '2014-04-30 18:00:46', '2014-05-12 20:43:37', 3027),
(3028, 3028, 'Chalice of Harmony', 'Kelch der Harmonie', '<stats>+25 Magic Resist<br>+7 Mana Regen per 5 seconds</stats><br><br><unique>UNIQUE Passive - Mana Font:</unique> Increases Mana Regen by 1% per 1% of missing Mana.<br><br><i>(Unique Passives with the same name don''t stack.)</i>', '<stats>+25 Magieresistenz<br>+7 Manaregeneration alle 5 s</stats><br><br><unique>EINMALIG, Passiv - Manaquelle:</unique> Erhöht die Manaregeneration um 1 % pro 1 % fehlendem Mana.<br><br><i>(Einmalige passive Boni mit dem gleichen Namen wirken nicht kumulativ.)</i>', '', '', '2014-04-30 18:00:46', '2014-05-12 20:43:37', 3028),
(3025, 3025, 'Iceborn Gauntlet', 'Eisgeborenen-Handschuhe', '<stats>+500 Mana<br>+60 Armor<br>+30 Ability Power<br>+10% Cooldown Reduction  </stats><br><br><unique>UNIQUE Passive - Spellblade:</unique> After using an ability, the next basic attack (on hit) deals bonus physical damage equal to 125% of base Attack Damage to enemies near the target, and creates a field around the target for 2 seconds that slows enemy Movement Speed by 30% (2 second cooldown,  half-sized field if ranged).<br><br><i>(Unique Passives with the same name don''t stack.)</i>', '<stats>+500 Mana<br>+60 Rüstung<br>+30 Fähigkeitsstärke<br>+10 % Abklingzeitverringerung</stats><br><br><unique>EINMALIG, Passiv - Zauberklinge:</unique> Nach dem Einsatz einer Fähigkeit verursacht der nächste normale Angriff an Gegnern in der Nähe des Ziels zusätzlichen normalen Schaden, der 125 % des grundlegenden Angriffsschadens beträgt, und legt 2 Sekunden lang ein Feld um das Ziel, das Gegner in seinem Inneren um 30 % verlangsamt (2 Sekunden Abklingzeit, halber Wirkbereich für Fernkampfangriffe).<br><br><i>(Einmalige passive Boni mit dem gleichen Namen wirken nicht kumulativ.)</i>', '', '', '2014-04-30 18:00:46', '2014-05-12 20:43:37', 3025),
(3026, 3026, 'Guardian Angel', 'Schutzengel', '<stats>+50 Armor<br>+40 Magic Resist</stats><br><br><unique>UNIQUE Passive:</unique> Upon taking lethal damage, restores 30% of maximum Health and Mana after 4 seconds of stasis (5 minute cooldown).', '<stats>+50 Rüstung<br>+40 Magieresistenz</stats><br><br><unique>EINMALIG, Passiv:</unique> Stellt nach tödlichem Schaden und einer 4 Sekunden andauernden Stase 30 % des maximalen Lebens und Manas wieder her (5 Minuten Abklingzeit).', '', '', '2014-04-30 18:00:46', '2014-05-12 20:43:37', 3026),
(3035, 3035, 'Last Whisper', 'Letzter Atemzug', '<stats>+40 Attack Damage</stats><br><br><unique>UNIQUE Passive:</unique> Physical damage ignores 35% of the target''s Armor (applies before Armor Penetration).', '<stats>+40 Angriffsschaden</stats><br><br><unique>EINMALIG, Passiv:</unique> Normaler Schaden ignoriert 35 % der Rüstung des Ziels (wird vor Rüstungsdurchdringung gewertet).', '', '', '2014-04-30 18:00:46', '2014-05-12 20:43:37', 3035),
(3031, 3031, 'Infinity Edge', 'Klinge der Unendlichkeit', '<stats>+70 Attack Damage<br>+25% Critical Strike Chance</stats><br><br><unique>UNIQUE Passive:</unique> Critical strikes deal 250% damage instead of 200%.', '<stats>+70 Angriffsschaden<br>+25 % Chance auf kritische Treffer</stats><br><br><unique>EINMALIG, Passiv:</unique> Kritische Treffer verursachen nun 250 % anstatt 200 % Schaden.', '', '', '2014-04-30 18:00:46', '2014-05-12 20:43:37', 3031),
(3419, 3419, 'Bonetooth Necklace', 'Knochenzahn-Halskette', '<unique>UNIQUE Passive - Mementos of the Hunt:</unique> Rengar collects trophies when killing Champions and gains bonus effects based on how many trophies he has. Kills and assists grant 1 trophy.<br><br><passive>3 Trophies:</passive> Rengar gains 25 Movement Speed whilst out of combat or in brush. <br><passive>6 Trophies:</passive> Increases the range of Rengar''s Leap by 125.<br><passive>12 Trophies:</passive> Thrill of the Hunt''s duration is increased by 5 seconds.<br><passive>20 Trophies:</passive> Thrill of the Hunt''s Movement Speed while stealthed is doubled.', '<unique>EINMALIG, Passiv - Andenken an die Jagd:</unique> Rengar sammelt Trophäen von getöteten Champions und erhält je nach Anzahl der gesammelten Trophäen zusätzliche Effekte. Tötungen und Unterstützungen gewähren 1 Trophäe.<br><br><passive>3 Trophäen:</passive> 25 Lauftempo, wenn er nicht kämpft oder im hohen Gras ist.<br><passive>6 Trophäen:</passive> Die Reichweite von Rengars Sprung wird um 125 erhöht.<br><passive>12 Trophäen:</passive> Die Dauer von Jagdfieber wird um 5 Sekunden erhöht.<br><passive>20 Trophäen:</passive> Das Lauftempo von Jagdfieber während der Tarnung ist verdoppelt.', '', '', '2014-04-30 18:00:46', '2014-05-12 20:43:37', 3419),
(3418, 3418, 'Bonetooth Necklace', 'Knochenzahn-Halskette', '<unique>UNIQUE Passive - Mementos of the Hunt:</unique> Rengar collects trophies when killing Champions and gains bonus effects based on how many trophies he has. Kills and assists grant 1 trophy.<br><br><passive>3 Trophies:</passive> Rengar gains 25 Movement Speed whilst out of combat or in brush. <br><passive>6 Trophies:</passive> Increases the range of Rengar''s Leap by 125.<br><passive>12 Trophies:</passive> Thrill of the Hunt''s duration is increased by 5 seconds.<br><passive>20 Trophies:</passive> Thrill of the Hunt''s Movement Speed while stealthed is doubled.', '<unique>EINMALIG, Passiv - Andenken an die Jagd:</unique> Rengar sammelt Trophäen von getöteten Champions und erhält je nach Anzahl der gesammelten Trophäen zusätzliche Effekte. Tötungen und Unterstützungen gewähren 1 Trophäe.<br><br><passive>3 Trophäen:</passive> 25 Lauftempo, wenn er nicht kämpft oder im hohen Gras ist.<br><passive>6 Trophäen:</passive> Die Reichweite von Rengars Sprung wird um 125 erhöht.<br><passive>12 Trophäen:</passive> Die Dauer von Jagdfieber wird um 5 Sekunden erhöht.<br><passive>20 Trophäen:</passive> Das Lauftempo von Jagdfieber während der Tarnung ist verdoppelt.', '', '', '2014-04-30 18:00:46', '2014-05-12 20:43:37', 3418),
(3417, 3417, 'Bonetooth Necklace', 'Knochenzahn-Halskette', '<unique>UNIQUE Passive - Mementos of the Hunt:</unique> Rengar collects trophies when killing Champions and gains bonus effects based on how many trophies he has. Kills and assists grant 1 trophy.<br><br><passive>3 Trophies:</passive> Rengar gains 25 Movement Speed whilst out of combat or in brush. <br><passive>6 Trophies:</passive> Increases the range of Rengar''s Leap by 125.<br><passive>12 Trophies:</passive> Thrill of the Hunt''s duration is increased by 5 seconds.<br><passive>20 Trophies:</passive> Thrill of the Hunt''s Movement Speed while stealthed is doubled.', '<unique>EINMALIG, Passiv - Andenken an die Jagd:</unique> Rengar sammelt Trophäen von getöteten Champions und erhält je nach Anzahl der gesammelten Trophäen zusätzliche Effekte. Tötungen und Unterstützungen gewähren 1 Trophäe.<br><br><passive>3 Trophäen:</passive> 25 Lauftempo, wenn er nicht kämpft oder im hohen Gras ist.<br><passive>6 Trophäen:</passive> Die Reichweite von Rengars Sprung wird um 125 erhöht.<br><passive>12 Trophäen:</passive> Die Dauer von Jagdfieber wird um 5 Sekunden erhöht.<br><passive>20 Trophäen:</passive> Das Lauftempo von Jagdfieber während der Tarnung ist verdoppelt.', '', '', '2014-04-30 18:00:46', '2014-05-12 20:43:37', 3417),
(3222, 3222, 'Mikael''s Crucible', 'Mikaels Schmelztiegel', '<stats>+40 Magic Resist<br>+12 Mana Regen per 5 seconds</stats><br><br><unique>UNIQUE Passive - Mana Font:</unique> Increases Mana Regen by 1% for every 1% of missing Mana.<br><active>UNIQUE Active:</active> Removes all stuns, roots, taunts, fears, silences, and slows on an allied champion and heals that champion for 150 (+10% of maximum Health) (180 second cooldown).<br><br><i>(Unique Passives with the same name do not stack.)</i>', '<stats>+40 Magieresistenz<br>+12 Manaregeneration alle 5 Sekunden</stats><br><br><unique>EINMALIG, Passiv - Manaquelle:</unique> Erhöht die Manaregeneration um 1 % pro 1 % fehlendem Mana.<br><active>EINMALIG, Aktiv:</active> Entfernt alle Betäubungen, Festhalten, Spott, Ängste, Verstummungen und Verlangsamungen von einem verbündeten Champion und heilt diesen Champion in Höhe von 150 (+10 % des maximalen Lebens) (180 Sekunden Abklingzeit).<br><br><i>(Einmalige passive Boni mit dem gleichen Namen wirken nicht kumulativ.)</i>', '', '', '2014-04-30 18:00:46', '2014-05-12 20:43:37', 3222),
(3416, 3416, 'Head of Kha''Zix', 'Kopf von Kha''Zix', '<unique>UNIQUE Active - Scrying:</unique> Reveals a small location within 4000 range for 2 seconds. Enemy champions found will be revealed for 5 seconds (90 second cooldown).<br><br><unique>UNIQUE Passive - Mementos of the Hunt:</unique> Rengar collects trophies when killing Champions and gains bonus effects based on how many trophies he has. Kills and assists grant 1 trophy.<br><br><passive>3 Trophies:</passive> Rengar gains 25 Movement Speed whilst out of combat or in brush. <br><passive>6 Trophies:</passive> Increases the range of Rengar''s Leap by 125.<br><passive>12 Trophies:</passive> Thrill of the Hunt''s duration is increased by 5 seconds.<br><passive>20 Trophies:</passive> Thrill of the Hunt''s Movement Speed while stealthed is doubled.', '<unique>EINMALIG, Aktiv - Wahrsagen:</unique> Deckt ein kleines Gebiet innerhalb von 4000 Reichweite 2 Sekunden lang auf. Gefundene gegnerische Champions werden 5 Sekunden lang aufgedeckt. (90 Sekunden Abklingzeit)<br><br><unique>EINMALIG, Passiv - Andenken an die Jagd:</unique> Rengar sammelt Trophäen von getöteten Champions und erhält je nach Anzahl der gesammelten Trophäen zusätzliche Effekte. Tötungen und Unterstützungen gewähren 1 Trophäe.<br><br><passive>3 Trophäen:</passive> 25 Lauftempo, wenn er nicht kämpft oder im hohen Gras ist.<br><passive>6 Trophäen:</passive> Die Reichweite von Rengars Sprung wird um 125 erhöht.<br><passive>12 Trophäen:</passive> Die Dauer von Jagdfieber wird um 5 Sekunden erhöht.<br><passive>20 Trophäen:</passive> Das Lauftempo von Jagdfieber während der Tarnung ist verdoppelt.', '', '', '2014-04-30 18:00:46', '2014-05-12 20:43:37', 3416),
(3415, 3415, 'Bonetooth Necklace', 'Knochenzahn-Halskette', '<unique>UNIQUE Active - Scrying:</unique> Reveals a small location within 4000 range for 2 seconds. Enemy champions found will be revealed for 5 seconds (90 second cooldown).<br><br><unique>UNIQUE Passive - Mementos of the Hunt:</unique> Rengar collects trophies when killing Champions and gains bonus effects based on how many trophies he has. Kills and assists grant 1 trophy.<br><br><passive>3 Trophies:</passive> Rengar gains 25 Movement Speed whilst out of combat or in brush. <br><passive>6 Trophies:</passive> Increases the range of Rengar''s Leap by 125.<br><passive>12 Trophies:</passive> Thrill of the Hunt''s duration is increased by 5 seconds.<br><passive>20 Trophies:</passive> Thrill of the Hunt''s Movement Speed while stealthed is doubled.', '<unique>EINMALIG, Aktiv - Wahrsagen:</unique> Deckt ein kleines Gebiet innerhalb von 4000 Reichweite 2 Sekunden lang auf. Gefundene gegnerische Champions werden 5 Sekunden lang aufgedeckt. (90 Sekunden Abklingzeit)<br><br><unique>EINMALIG, Passiv - Andenken an die Jagd:</unique> Rengar sammelt Trophäen von getöteten Champions und erhält je nach Anzahl der gesammelten Trophäen zusätzliche Effekte. Tötungen und Unterstützungen gewähren 1 Trophäe.<br><br><passive>3 Trophäen:</passive> 25 Lauftempo, wenn er nicht kämpft oder im hohen Gras ist.<br><passive>6 Trophäen:</passive> Die Reichweite von Rengars Sprung wird um 125 erhöht.<br><passive>12 Trophäen:</passive> Die Dauer von Jagdfieber wird um 5 Sekunden erhöht.<br><passive>20 Trophäen:</passive> Das Lauftempo von Jagdfieber während der Tarnung ist verdoppelt.', '', '', '2014-04-30 18:00:46', '2014-05-12 20:43:37', 3415),
(3414, 3414, 'Bonetooth Necklace', 'Knochenzahn-Halskette', '<unique>UNIQUE Active - Scrying:</unique> Reveals a small location within 3500 range for 2 seconds. Enemy champions found will be revealed for 5 seconds (120 second cooldown). Active upgrades at 20 Trophies.<br><br><unique>UNIQUE Passive - Mementos of the Hunt:</unique> Rengar collects trophies when killing Champions and gains bonus effects based on how many trophies he has. Kills and assists grant 1 trophy.<br><br><passive>3 Trophies:</passive> Rengar gains 25 Movement Speed whilst out of combat or in brush. <br><passive>6 Trophies:</passive> Increases the range of Rengar''s Leap by 125.<br><passive>12 Trophies:</passive> Thrill of the Hunt''s duration is increased by 5 seconds.<br><passive>20 Trophies:</passive> Thrill of the Hunt''s Movement Speed while stealthed is doubled.', '<unique>EINMALIG, Aktiv - Wahrsagen:</unique> Deckt ein kleines Gebiet innerhalb von 3500 Reichweite 2 Sekunden lang auf. Gefundene gegnerische Champions werden 5 Sekunden lang aufgedeckt. (120 Sekunden Abklingzeit) Aktive Aufwertungen bei 20 Trophäen.<br><br><unique>EINMALIG, Passiv - Andenken an die Jagd:</unique> Rengar sammelt Trophäen von getöteten Champions und erhält je nach Anzahl der gesammelten Trophäen zusätzliche Effekte. Tötungen und Unterstützungen gewähren 1 Trophäe.<br><br><passive>3 Trophäen:</passive> 25 Lauftempo, wenn er nicht kämpft oder im hohen Gras ist.<br><passive>6 Trophäen:</passive> Die Reichweite von Rengars Sprung wird um 125 erhöht.<br><passive>12 Trophäen:</passive> Die Dauer von Jagdfieber wird um 5 Sekunden erhöht.<br><passive>20 Trophäen:</passive> Das Lauftempo von Jagdfieber während der Tarnung ist verdoppelt.', '', '', '2014-04-30 18:00:46', '2014-05-12 20:43:37', 3414),
(3413, 3413, 'Bonetooth Necklace', 'Knochenzahn-Halskette', '<unique>UNIQUE Active - Scrying:</unique> Reveals a small location within 3500 range for 2 seconds. Enemy champions found will be revealed for 5 seconds (120 second cooldown). Active upgrades at 20 Trophies.<br><br><unique>UNIQUE Passive - Mementos of the Hunt:</unique> Rengar collects trophies when killing Champions and gains bonus effects based on how many trophies he has. Kills and assists grant 1 trophy.<br><br><passive>3 Trophies:</passive> Rengar gains 25 Movement Speed whilst out of combat or in brush. <br><passive>6 Trophies:</passive> Increases the range of Rengar''s Leap by 125.<br><passive>12 Trophies:</passive> Thrill of the Hunt''s duration is increased by 5 seconds.<br><passive>20 Trophies:</passive> Thrill of the Hunt''s Movement Speed while stealthed is doubled.', '<unique>EINMALIG, Aktiv - Wahrsagen:</unique> Deckt ein kleines Gebiet innerhalb von 3500 Reichweite 2 Sekunden lang auf. Gefundene gegnerische Champions werden 5 Sekunden lang aufgedeckt. (120 Sekunden Abklingzeit) Aktive Aufwertungen bei 20 Trophäen.<br><br><unique>EINMALIG, Passiv - Andenken an die Jagd:</unique> Rengar sammelt Trophäen von getöteten Champions und erhält je nach Anzahl der gesammelten Trophäen zusätzliche Effekte. Tötungen und Unterstützungen gewähren 1 Trophäe.<br><br><passive>3 Trophäen:</passive> 25 Lauftempo, wenn er nicht kämpft oder im hohen Gras ist.<br><passive>6 Trophäen:</passive> Die Reichweite von Rengars Sprung wird um 125 erhöht.<br><passive>12 Trophäen:</passive> Die Dauer von Jagdfieber wird um 5 Sekunden erhöht.<br><passive>20 Trophäen:</passive> Das Lauftempo von Jagdfieber während der Tarnung ist verdoppelt.', '', '', '2014-04-30 18:00:46', '2014-05-12 20:43:37', 3413),
(3134, 3134, 'The Brutalizer', 'Brutalisierer', '<stats>+25 Attack Damage</stats><br><br><unique>UNIQUE Passive:</unique> +10% Cooldown Reduction<br><unique>UNIQUE Passive:</unique> +10 Armor Penetration<br><br><i>(Armor Penetration: Physical damage is increased by ignoring an amount of the target''s Armor equal to Armor Penetration.)</i>', '<stats>+25 Angriffsschaden</stats><br><br><unique>EINMALIG, Passiv:</unique> +10 % Abklingzeitverringerung.<br><unique>EINMALIG, Passiv:</unique> +10 Rüstungsdurchdringung<br><br><i>(Rüstungsdurchdringung: Normaler Schaden wird erhöht, indem ein Teil der Rüstung des Ziels in Höhe der Rüstungsdurchdringung ignoriert wird.)</i>', '', '', '2014-04-30 18:00:46', '2014-05-12 20:43:37', 3134),
(3412, 3412, 'Bonetooth Necklace', 'Knochenzahn-Halskette', '<unique>UNIQUE Active - Scrying:</unique> Reveals a small location within 2500 range for 2 seconds. Enemy champions found will be revealed for 5 seconds (120 second cooldown). Active upgrades at 6 Trophies.<br><br><unique>UNIQUE Passive - Mementos of the Hunt:</unique> Rengar collects trophies when killing Champions and gains bonus effects based on how many trophies he has. Kills and assists grant 1 trophy.<br><br><passive>3 Trophies:</passive> Rengar gains 25 Movement Speed whilst out of combat or in brush. <br><passive>6 Trophies:</passive> Increases the range of Rengar''s Leap by 125.<br><passive>12 Trophies:</passive> Thrill of the Hunt''s duration is increased by 5 seconds.<br><passive>20 Trophies:</passive> Thrill of the Hunt''s Movement Speed while stealthed is doubled.', '<unique>EINMALIG, Aktiv - Wahrsagen:</unique> Deckt ein kleines Gebiet innerhalb von 2500 Reichweite 2 Sekunden lang auf. Gefundene gegnerische Champions werden 5 Sekunden lang aufgedeckt. (120 Sekunden Abklingzeit) Aktive Aufwertungen bei 6 Trophäen.<br><br><unique>EINMALIG, Passiv - Andenken an die Jagd:</unique> Rengar sammelt Trophäen von getöteten Champions und erhält je nach Anzahl der gesammelten Trophäen zusätzliche Effekte. Tötungen und Unterstützungen gewähren 1 Trophäe.<br><br><passive>3 Trophäen:</passive> 25 Lauftempo, wenn er nicht kämpft oder im hohen Gras ist.<br><passive>6 Trophäen:</passive> Die Reichweite von Rengars Sprung wird um 125 erhöht.<br><passive>12 Trophäen:</passive> Die Dauer von Jagdfieber wird um 5 Sekunden erhöht.<br><passive>20 Trophäen:</passive> Das Lauftempo von Jagdfieber während der Tarnung ist verdoppelt.', '', '', '2014-04-30 18:00:46', '2014-05-12 20:43:37', 3412),
(3411, 3411, 'Bonetooth Necklace', 'Knochenzahn-Halskette', '<unique>UNIQUE Active - Scrying:</unique> Reveals a small location within 2500 range for 2 seconds. Enemy champions found will be revealed for 5 seconds (120 second cooldown). Active upgrades at 6 Trophies.<br><br><unique>UNIQUE Passive - Mementos of the Hunt:</unique> Rengar collects trophies when killing Champions and gains bonus effects based on how many trophies he has. Kills and assists grant 1 trophy.<br><br><passive>3 Trophies:</passive> Rengar gains 25 Movement Speed whilst out of combat or in brush. <br><passive>6 Trophies:</passive> Increases the range of Rengar''s Leap by 125.<br><passive>12 Trophies:</passive> Thrill of the Hunt''s duration is increased by 5 seconds.<br><passive>20 Trophies:</passive> Thrill of the Hunt''s Movement Speed while stealthed is doubled.', '<unique>EINMALIG, Aktiv - Wahrsagen:</unique> Deckt ein kleines Gebiet innerhalb von 2500 Reichweite 2 Sekunden lang auf. Gefundene gegnerische Champions werden 5 Sekunden lang aufgedeckt. (120 Sekunden Abklingzeit) Aktive Aufwertungen bei 6 Trophäen.<br><br><unique>EINMALIG, Passiv - Andenken an die Jagd:</unique> Rengar sammelt Trophäen von getöteten Champions und erhält je nach Anzahl der gesammelten Trophäen zusätzliche Effekte. Tötungen und Unterstützungen gewähren 1 Trophäe.<br><br><passive>3 Trophäen:</passive> 25 Lauftempo, wenn er nicht kämpft oder im hohen Gras ist.<br><passive>6 Trophäen:</passive> Die Reichweite von Rengars Sprung wird um 125 erhöht.<br><passive>12 Trophäen:</passive> Die Dauer von Jagdfieber wird um 5 Sekunden erhöht.<br><passive>20 Trophäen:</passive> Das Lauftempo von Jagdfieber während der Tarnung ist verdoppelt.', '', '', '2014-04-30 18:00:46', '2014-05-12 20:43:37', 3411),
(3410, 3410, 'Head of Kha''Zix', 'Kopf von Kha''Zix', '<unique>UNIQUE Active - Sweeping Lens:</unique> Reveals and disables nearby invisible traps and invisible wards for 6 seconds in a medium radius and grants detection of invisible units for 10 seconds (60 second cooldown).<br><br><unique>UNIQUE Passive - Mementos of the Hunt:</unique> Rengar collects trophies when killing Champions and gains bonus effects based on how many trophies he has. Kills and assists grant 1 trophy.<br><br><passive>3 Trophies:</passive> Rengar gains 25 Movement Speed whilst out of combat or in brush. <br><passive>6 Trophies:</passive> Increases the range of Rengar''s Leap by 125.<br><passive>12 Trophies:</passive> Thrill of the Hunt''s duration is increased by 5 seconds.<br><passive>20 Trophies:</passive> Thrill of the Hunt''s Movement Speed while stealthed is doubled.', '<unique>EINMALIG, Aktiv - Späherlinse:</unique> Deckt unsichtbare Fallen und unsichtbare Augen in einem mittleren Radius 6 Sekunden lang auf und macht sie unschädlich. Zudem werden 10 Sekunden lang unsichtbare Einheiten aufgespürt. (60 Sekunden Abklingzeit)<br><br><unique>EINMALIG, Passiv - Andenken an die Jagd:</unique> Rengar sammelt Trophäen von getöteten Champions und erhält je nach Anzahl der gesammelten Trophäen zusätzliche Effekte. Tötungen und Unterstützungen gewähren 1 Trophäe.<br><br><passive>3 Trophäen:</passive> 25 Lauftempo, wenn er nicht kämpft oder im hohen Gras ist.<br><passive>6 Trophäen:</passive> Die Reichweite von Rengars Sprung wird um 125 erhöht.<br><passive>12 Trophäen:</passive> Die Dauer von Jagdfieber wird um 5 Sekunden erhöht.<br><passive>20 Trophäen:</passive> Das Lauftempo von Jagdfieber während der Tarnung ist verdoppelt.', '', '', '2014-04-30 18:00:46', '2014-05-12 20:43:37', 3410),
(3131, 3131, 'Sword of the Divine', 'Schwert des Göttlichen', '<stats>+45% Attack Speed</stats><br><br><passive>Passive:</passive> This item does not grant any Attack Speed while on cooldown. Champion kills reduce the current cooldown by 50%.<br><active>UNIQUE Active:</active> Grants +100% Attack Speed and 100% Critical Strike Chance for 3 seconds or 3 critical strikes (60 second cooldown).', '<stats>+45 % Angriffstempo</stats><br><br><passive>Passiv:</passive> Dieser Gegenstand gewährt kein Angriffstempo während seiner Abklingzeit. Tötungen von Champions verkürzen eine laufende Abklingzeit um 50 %.<br><active>EINMALIG, Aktiv:</active> Gewährt 3 Sekunden lang oder für bis zu 3 kritische Treffer +100 % Angriffstempo und eine Chance auf kritische Treffer von 100 % (60 Sekunden Abklingzeit).', '', '', '2014-04-30 18:00:46', '2014-05-12 20:43:37', 3131),
(3113, 3113, 'Aether Wisp', 'Ätherhauch', '<stats>+30 Ability Power</stats><br><br><unique>UNIQUE Passive:</unique> +5% Movement Speed', '<stats>+30 Fähigkeitsstärke</stats><br><br><unique>EINMALIG, Passiv:</unique> +5 % Lauftempo', '', '', '2014-04-30 18:00:46', '2014-05-12 20:43:37', 3113),
(3114, 3114, 'Forbidden Idol', 'Verbotener Götze', '<stats>+8 Mana Regen per 5 seconds</stats><br><br><unique>UNIQUE Passive:</unique> +10% Cooldown Reduction', '<stats>+8 Manaregeneration alle 5 Sekunden</stats><br><br><unique>EINMALIG, Passiv:</unique> +10 % Abklingzeitverringerung', '', '', '2014-04-30 18:00:46', '2014-05-12 20:43:37', 3114),
(3115, 3115, 'Nashor''s Tooth', 'Nashors Zahn', '<stats>+50% Attack Speed<br>+60 Ability Power</stats><br><br><unique>UNIQUE Passive:</unique> +20% Cooldown Reduction<br><unique>UNIQUE Passive:</unique> Basic attacks deal 15 (+15% of Ability Power) bonus magic damage on hit.<br>', '<stats>+50 % Angriffstempo<br>+60 Fähigkeitsstärke</stats><br><br><unique>EINMALIG, Passiv:</unique> +20 % Abklingzeitverringerung<br><unique>EINMALIG, Passiv:</unique>  Normale Angriffe verursachen bei einem Treffer 15 (+15 % Fähigkeitsstärke) zusätzlichen magischen Schaden.<br>', '', '', '2014-04-30 18:00:46', '2014-05-12 20:43:38', 3115),
(3116, 3116, 'Rylai''s Crystal Scepter', 'Rylais Kristallzepter', '<stats>+500 Health<br>+80 Ability Power</stats><br><br><unique>UNIQUE Passive:</unique> Dealing spell damage slows the target''s Movement Speed by 35% for 1.5 seconds (15% for multi-target and damage-over-time spells).', '<stats>+500 Leben<br>+80 Fähigkeitsstärke</stats><br><br><unique>EINMALIG, Passiv:</unique> Fähigkeitsschaden verringert das Lauftempo des Ziels 1,5 Sekunden lang um 35 % (15 % bei Zaubern mit mehreren Zielen und wiederholenden Zaubern).', '', '', '2014-04-30 18:00:46', '2014-05-12 20:43:38', 3116),
(3117, 3117, 'Boots of Mobility', 'Stiefel der Beweglichkeit', '<unique>UNIQUE Passive - Enhanced Movement:</unique> +25 Movement Speed. Increases to +105 Movement Speed when out of combat for 5 seconds.<br><br><i>(Unique Passives with the same name don''t stack.)</i>', '<unique>EINMALIG, Passiv - Verbesserte Bewegung:</unique> +25 Lauftempo. Erhöht sich auf +105 Lauftempo, wenn du seit mindestens 5 Sekunden nicht in einen Kampf verwickelt warst.<br><br><i>(Einmalige passive Boni mit dem gleichen Namen wirken nicht kumulativ.)</i>', '', '', '2014-04-30 18:00:46', '2014-05-12 20:43:38', 3117),
(3022, 3022, 'Frozen Mallet', 'Frosthammer', '<stats>+700 Health<br>+30 Attack Damage</stats><br><br><unique>UNIQUE Passive - Icy:</unique> Basic attacks slow the target''s Movement Speed for 1.5 seconds on hit (40% slow for melee attacks, 30% slow for ranged attacks).<br><br><i>(Unique Passives with the same name don''t stack.)</i>', '<stats>+700 Leben<br>+30 Angriffsschaden</stats><br><br><unique>EINMALIG, Passiv - Eisig:</unique> Normale Angriffe verlangsamen bei einem Treffer 1,5 Sekunden lang das Lauftempo des Ziels (40 % Verlangsamung bei Nahkampfangriffen, 30 % Verlangsamung bei Fernkampfangriffen).<br><br><i>(Einmalige passive Boni mit dem gleichen Namen wirken nicht kumulativ.)</i>', '', '', '2014-04-30 18:00:46', '2014-05-12 20:43:38', 3022),
(3024, 3024, 'Glacial Shroud', 'Gletscherschleier', '<stats>+250 Mana<br>+20 Armor</stats><br><br><unique>UNIQUE Passive:</unique> +10% Cooldown Reduction', '<stats>+250 Mana<br>+20 Rüstung</stats><br><br><unique>EINMALIG, Passiv:</unique> +10 % Abklingzeitverringerung.', '', '', '2014-04-30 18:00:46', '2014-05-12 20:43:38', 3024),
(3023, 3023, 'Twin Shadows', 'Zwillingsschatten', '<stats>+80 Ability Power<br>+10% Cooldown Reduction<br>+6% Movement Speed</stats><br><br><active>UNIQUE Active - Hunt:</active> Summons up to 2 invulnerable ghosts that seek out the two nearest enemy champions for 6 seconds. If a ghost reaches its target, it reveals the target and reduces their Movement Speed by 40% for 2.5 seconds.<br><br>If a ghost cannot find a target, it tries to return to the caster.  Ghosts that successfully return in this way reduce the item''s cooldown by 40 seconds (120 second cooldown).', '<stats>+80 Fähigkeitsstärke<br>10 % Abklingzeitverringerung<br>+6 % Lauftempo</stats><br><br><active>EINMALIG, Aktiv - Jagd:</active> Beschwört bis zu 2 unverwundbare Geister, welche 6 Sekunden lang die beiden nächsten Champions suchen. Wenn ein Geist sein Ziel erreicht, deckt er es auf und verringert dessen Lauftempo 2,5 Sekunden lang um 40 %.<br><br>Falls ein Geist kein Ziel finden kann, versucht er, zu dir zurückzukehren. Geister, die auf diese Weise erfolgreich zurückkehren, verringern die Abklingzeit des Gegenstands um 40 Sekunden. (120 Sekunden Abklingzeit)', '', '', '2014-04-30 18:00:46', '2014-05-12 20:43:38', 3023),
(3020, 3020, 'Sorcerer''s Shoes', 'Zaubererschuhe', '<stats>+15 Magic Penetration</stats><br><br><unique>UNIQUE Passive - Enhanced Movement:</unique> +45 Movement Speed<br><br><i>(Magic Penetration: Magic damage is increased by ignoring an amount of the target''s Magic Resist equal to Magic Penetration.)</i><br><br><i>(Unique Passives with the same name don''t stack.)</i>', '<stats>+15 Magiedurchdringung</stats><br><br><unique>EINMALIG, Passiv - Verbesserte Bewegung:</unique> +45 Lauftempo.<br><br><i>(Magiedurchdringung: Magischer Schaden wird erhöht, indem ein Teil der Magieresistenz des Ziels, der Magiedurchdringung entspricht, ignoriert wird.)</i><br><br><i>(Einmalige passive Boni mit dem gleichen Namen wirken nicht kumulativ.)</i>', '', '', '2014-04-30 18:00:46', '2014-05-12 20:43:38', 3020),
(3422, 3422, 'Head of Kha''Zix', 'Kopf von Kha''Zix', '<unique>UNIQUE Passive - Mementos of the Hunt:</unique> Rengar collects trophies when killing Champions and gains bonus effects based on how many trophies he has. Kills and assists grant 1 trophy.<br><br><passive>3 Trophies:</passive> Rengar gains 25 Movement Speed whilst out of combat or in brush. <br><passive>6 Trophies:</passive> Increases the range of Rengar''s Leap by 125.<br><passive>12 Trophies:</passive> Thrill of the Hunt''s duration is increased by 5 seconds.<br><passive>20 Trophies:</passive> Thrill of the Hunt''s Movement Speed while stealthed is doubled.', '<unique>EINMALIG, Passiv - Andenken an die Jagd:</unique> Rengar sammelt Trophäen von getöteten Champions und erhält je nach Anzahl der gesammelten Trophäen zusätzliche Effekte. Tötungen und Unterstützungen gewähren 1 Trophäe.<br><br><passive>3 Trophäen:</passive> 25 Lauftempo, wenn er nicht kämpft oder im hohen Gras ist.<br><passive>6 Trophäen:</passive> Die Reichweite von Rengars Sprung wird um 125 erhöht.<br><passive>12 Trophäen:</passive> Die Dauer von Jagdfieber wird um 5 Sekunden erhöht.<br><passive>20 Trophäen:</passive> Das Lauftempo von Jagdfieber während der Tarnung ist verdoppelt.', '', '', '2014-04-30 18:00:46', '2014-05-12 20:43:38', 3422),
(3421, 3421, 'Bonetooth Necklace', 'Knochenzahn-Halskette', '<unique>UNIQUE Passive - Mementos of the Hunt:</unique> Rengar collects trophies when killing Champions and gains bonus effects based on how many trophies he has. Kills and assists grant 1 trophy.<br><br><passive>3 Trophies:</passive> Rengar gains 25 Movement Speed whilst out of combat or in brush. <br><passive>6 Trophies:</passive> Increases the range of Rengar''s Leap by 125.<br><passive>12 Trophies:</passive> Thrill of the Hunt''s duration is increased by 5 seconds.<br><passive>20 Trophies:</passive> Thrill of the Hunt''s Movement Speed while stealthed is doubled.', '<unique>EINMALIG, Passiv - Andenken an die Jagd:</unique> Rengar sammelt Trophäen von getöteten Champions und erhält je nach Anzahl der gesammelten Trophäen zusätzliche Effekte. Tötungen und Unterstützungen gewähren 1 Trophäe.<br><br><passive>3 Trophäen:</passive> 25 Lauftempo, wenn er nicht kämpft oder im hohen Gras ist.<br><passive>6 Trophäen:</passive> Die Reichweite von Rengars Sprung wird um 125 erhöht.<br><passive>12 Trophäen:</passive> Die Dauer von Jagdfieber wird um 5 Sekunden erhöht.<br><passive>20 Trophäen:</passive> Das Lauftempo von Jagdfieber während der Tarnung ist verdoppelt.', '', '', '2014-04-30 18:00:46', '2014-05-12 20:43:38', 3421),
(3123, 3123, 'Executioner''s Calling', 'Ruf des Henkers', '<stats>+25 Attack Damage<br>+20% Critical Strike Chance</stats><br><br><unique>UNIQUE Passive:</unique> Basic attacks inflict Grievous Wounds on enemy champions for 1.5 seconds on hit.<br><br><i>(Grievous Wounds reduces healing and regeneration by 50%.)</i>', '<stats>+25 Angriffsschaden<br>+20 % Chance auf kritische Treffer</stats><br><br><unique>EINMALIG, Passiv:</unique> Normale Angriffe verursachen bei einem Treffer 1,5 Sekunden lang Klaffende Wunden an gegnerischen Champions.<br><br><i>(Klaffende Wunden verringern die erhaltene Heilung und Regeneration um 50 %.)</i>', '', '', '2014-04-30 18:00:46', '2014-05-12 20:43:38', 3123),
(3122, 3122, 'Wicked Hatchet', 'Niederträchtiges Kriegsbeil', '<stats>+20 Attack Damage<br>+10% Critical Strike Chance</stats><br><br><unique>UNIQUE Passive:</unique> Critical Strikes cause your target to bleed for an additional 60% of your bonus Attack Damage as physical damage over 3 seconds.</i>', '<stats>+20 Angriffsschaden<br>+10 % Chance auf kritische Treffer</stats><br><br><unique>EINMALIG, Passiv:</unique> Kritische Treffer lassen dein Ziel 3 Sekunden lang in Höhe von zusätzlich 60 % deines zusätzlichen Angriffsschadens als physischen Schaden bluten.</i>', '', '', '2014-04-30 18:00:46', '2014-05-12 20:43:38', 3122),
(3048, 3048, 'Seraph''s Embrace', 'Umarmung des Seraphen', '<stats>+1000 Mana<br>+60 Ability Power<br>+10 Mana Regen per 5 seconds</stats><br><br><unique>UNIQUE Passive - Insight:</unique> Grants Ability Power equal to 3% of maximum Mana.<br><active>UNIQUE Active - Mana Shield:</active> Consumes 20% of current Mana to grant a shield for 3 seconds that absorbs damage equal to 150 plus the amount of Mana consumed (120 second cooldown).<br><br><i>(Unique Passives with the same name don''t stack.)</i>', '<stats>+1000 Mana<br>+60 Fähigkeitsstärke<br>+10 Manaregeneration alle 5 Sekunden</stats><br><br><unique>EINMALIG, Passiv - Einsicht:</unique> Gewährt Fähigkeitsstärke in Höhe von 3 % des maximalen Manas.<br><active>EINMALIG, Aktiv - Manaschild:</active> Verbraucht 20 % des aktuellen Manas, um 3 Sekunden lang einen Schild zu gewähren, der Schaden in Höhe von 150 plus dem verbrauchten Mana absorbiert (120 Sekunden Abklingzeit).<br><br><i>(Einmalige passive Boni mit dem gleichen Namen wirken nicht kumulativ.)</i>', '', '', '2014-04-30 18:00:46', '2014-05-12 20:43:38', 3048),
(3047, 3047, 'Ninja Tabi', 'Ninja-Tabi', '<stats>+25 Armor</stats><br><br><unique>UNIQUE Passive:</unique> Blocks 10% of the damage from basic attacks.<br><unique>UNIQUE Passive - Enhanced Movement:</unique> +45 Movement Speed<br><br><i>(Unique Passives with the same name don''t stack.)</i>', '<stats>+25 Rüstung</stats><br><br><unique>EINMALIG, Passiv:</unique> Fängt 10 % des durch normale Angriffe erlittenen Schadens ab.<br><unique>EINMALIG, Passiv - Verbesserte Bewegung:</unique> +45 Lauftempo.<br><br><i>(Einmalige passive Boni mit dem gleichen Namen wirken nicht kumulativ.)</i>', '', '', '2014-04-30 18:00:46', '2014-05-12 20:43:38', 3047),
(2050, 2050, 'Explorer''s Ward', 'Auge des Entdeckers', '<consumable>Click to Consume:</consumable> Places an invisible ward that reveals the surrounding area for 60 seconds.', '<consumable>Zum Verbrauchen klicken:</consumable> Platziert ein unsichtbares Auge, das die Umgebung 60 Sekunden lang aufdeckt.', '', '', '2014-04-30 18:00:46', '2014-05-12 20:43:38', 2050),
(2051, 2051, 'Guardian''s Horn', 'Horn des Beschützers', '<stats>+180 Health<br>+12 Health Regen per 5 seconds</stats><br><br><unique>UNIQUE Passive:</unique> Enemy spellcasts reduce the cooldown of Battle Cry by 1 second.<br><active>UNIQUE Active - Battle Cry:</active> Gain 30% movement speed, 20 Armor, and 20 Magic Resistance for 3 seconds. 25 second cooldown.', '<stats>+180 Leben<br>+12 Leben Regeneration alle 5 s</stats><br><br><unique>EINMALIG, Passiv:</unique> Gegnerische Zauber verringern die Abklingzeit von Schlachtruf um 1 Sekunde.<br><active>EINMALIG, Aktiv - Schlachtruf:</active> Gewährt 3 Sekunden lang 30 % Lauftempo, 20 Rüstung und 20 Magieresistenz. 25 Sekunden Abklingzeit.', '', '', '2014-04-30 18:00:46', '2014-05-12 20:43:38', 2051),
(2052, 2052, 'Poro-Snax', 'Poro-Snacks', 'This savory blend of free-range, grass-fed Avarosan game hens and organic, non-ZMO Freljordian herbs contains the essential nutrients necessary to keep your Poro purring with pleasure.<br><br><i>All proceeds will be donated towards fighting Noxian animal cruelty.</i>', 'Diese schmackhafte Mischung aus freilaufenden, mit Gras gefütterten avarosanischen Stubenküken und organischen, unbehandelten Kräutern aus Freljord enthält die wichtigsten Nährstoffe, um dein Poro vor Glück zum Schnurren zu bringen.<br><br><i>Alle Einnahmen fließen in den Kampf gegen noxische Tierquälerei.</i>', '', '', '2014-04-30 18:00:46', '2014-05-12 20:43:38', 2052),
(1051, 1051, 'Brawler''s Gloves', 'Handschuhe des Schlägers', '<stats>+8% Critical Strike Chance</stats>', '<stats>+ 8 % Chance auf kritische Treffer</stats>', '', '', '2014-04-30 18:00:46', '2014-05-12 20:43:38', 1051),
(3197, 3197, 'Augment: Gravity', 'Verstärkung: Gravitation', '<stats>+3 Ability Power per level<br>+200 Mana<br>+10% Cooldown Reduction<br>+5 Mana Regen per 5 seconds</stats><br><br><unique>Ability Augment:</unique> Gravity Field has an additional 30% cast range.', '<stats>+3 Fähigkeitsstärke pro Stufe<br>+200 Mana<br>+10 % Abklingzeitverringerung<br>+5 Manaregeneration alle 5 s</stats><br><br><unique>Fähigkeitsverstärkung:</unique> Gravitationsfeld besitzt eine um 30 % höhere Reichweite.', '', '', '2014-04-30 18:00:47', '2014-05-12 20:43:38', 3197),
(3198, 3198, 'Augment: Death', 'Verstärkung: Tod', '<stats>+3 Ability Power per level<br>+45 Ability Power</stats><br><br><unique>Ability Augment:</unique> Death Ray sets fire to enemies, dealing 30% additional magic damage over 4 seconds.', '<stats>+3 Fähigkeitsstärke pro Stufe<br>+45 Fähigkeitsstärke</stats><br><br><unique>Fähigkeitsverstärkung:</unique> Todesstrahl entzündet Gegner und verursacht 4 Sekunden lang 30 % zusätzlichen Schaden.', '', '', '2014-04-30 18:00:47', '2014-05-12 20:43:38', 3198);
INSERT INTO `items` (`id`, `item_id`, `name`, `name_de`, `description`, `description_de`, `plaintext`, `plaintext_de`, `created_at`, `updated_at`, `riot_id`) VALUES
(1054, 1054, 'Doran''s Shield', 'Dorans Schild', '<stats>+80 Health<br>+6 Health Regen per 5 seconds</stats><br><br><unique>UNIQUE Passive:</unique> Blocks 8 damage from champion basic attacks.', '<stats>+80 Leben<br>+6 Lebensregeneration alle 5 s</stats><br><br><unique>EINMALIG, Passiv:</unique> Fängt 8 Schaden von normalen Angriffen von Champions ab.', '', '', '2014-04-30 18:00:47', '2014-05-12 20:43:38', 1054),
(1055, 1055, 'Doran''s Blade', 'Dorans Klinge', '<stats>+80 Health<br>+8 Attack Damage</stats><br><br><passive>Passive:</passive> Basic attacks restore Health on hit. (3 Health for ranged champions and 5 Health for melee champions.)', '<stats>+80 Leben<br>+8 Angriffsschaden</stats><br><br><passive>Passiv:</passive> Normale Angriffe stellen bei einem Treffer Leben wieder her (3 Leben bei Fernkampf- und 5 Leben bei Nahkampf-Champions.).', '', '', '2014-04-30 18:00:47', '2014-05-12 20:43:38', 1055),
(3196, 3196, 'Augment: Power', 'Verstärkung: Kraft', '<stats>+3 Ability Power per level<br>+220 Health<br>+6 Health Regen per 5 seconds</stats><br><br><unique>Ability Augment:</unique> Power Transfer increases Viktor''s Movement Speed by 30% for 3 seconds.', '<stats>+3 Fähigkeitsstärke pro Stufe<br>+220 Leben<br>+6 Lebensregeneration alle 5 s</stats><br><br><unique>Fähigkeitsverstärkung:</unique> Krafttransfer erhöht Viktors Lauftempo 3 Sekunden lang um 30 %.', '', '', '2014-04-30 18:00:47', '2014-05-12 20:43:38', 3196),
(1052, 1052, 'Amplifying Tome', 'Verstärkender Wälzer', '<stats>+20 Ability Power</stats>', '<stats>+20 Fähigkeitsstärke</stats>', '', '', '2014-04-30 18:00:47', '2014-05-12 20:43:38', 1052),
(1053, 1053, 'Vampiric Scepter', 'Vampirisches Zepter', '<stats>+10 Attack Damage<br>+10% Life Steal</stats>', '<stats>+10 Angriffsschaden<br>+10 % Lebensraub</stats>', '', '', '2014-04-30 18:00:47', '2014-05-12 20:43:38', 1053),
(3191, 3191, 'Seeker''s Armguard', 'Armschutz der Suchenden', '<stats>+30 Armor<br>+20 Ability Power</stats><br><br><passive>UNIQUE Passive:</passive> Killing a unit grants 0.5 bonus Armor and Ability Power. This bonus stacks up to 30 times.', '<stats>+30 Rüstung<br>+20 Fähigkeitsstärke</stats><br><br><passive>EINMALIG, Passiv:</passive> Das Töten einer Einheit gewährt 0,5 zusätzliche Rüstung und Fähigkeitsstärke (bis zu 30-mal kumulativ).', '', '', '2014-04-30 18:00:47', '2014-05-12 20:43:38', 3191),
(3050, 3050, 'Zeke''s Herald', 'Zekes Herold', '<stats>+250 Health<br>+20% Cooldown Reduction</stats><br><br><aura>UNIQUE Aura:</aura> Grants allied champions +10% Life Steal and +20 Attack Damage.', '<stats>+250 Leben<br>+20 % Abklingzeitverringerung</stats><br><br><aura>EINMALIG, Aura:</aura> Gewährt nahen verbündeten Champions +10 % Lebensraub und +20 Angriffsschaden.', '', '', '2014-04-30 18:00:47', '2014-05-12 20:43:38', 3050),
(3190, 3190, 'Locket of the Iron Solari', 'Amulett der eisernen Solari', '<stats>+400 Health<br>+20 Magic Resistance<br>+10% Cooldown Reduction</stats><br><br><active>UNIQUE Active:</active> Grants a shield to nearby allies for 5 seconds that absorbs up to 50 (+10 per level) damage (60 second cooldown).<br><aura>UNIQUE Aura - Legion:</aura> Grants nearby allies +20 Magic Resist and +10 Health Regen per 5 seconds.<br><br><i>(Unique Auras with the same name don''t stack.)', '<stats>+400 Leben<br>+20 Magieresistenz<br>+10 % Abklingzeitverringerung</stats><br><br><active>EINMALIG, Aktiv:</active> Gewährt Verbündeten in der Nähe 5 Sekunden lang einen Schild, der bis zu 50 (+10 pro Stufe) Schaden absorbiert (60 Sekunden Abklingzeit).<br><aura>EINMALIG, Aura - Legion:</aura> Gewährt Verbündeten in der Nähe +20 Magieresistenz und +10 Lebensregeneration alle 5 Sekunden.<br><br><i>(Einmalige Auren mit dem gleichen Namen wirken nicht kumulativ.)', '', '', '2014-04-30 18:00:47', '2014-05-12 20:43:38', 3190),
(2047, 2047, 'Oracle''s Extract', 'Extrakt des Orakels', '<consumable>Click to Consume:</consumable> Grants detection of nearby invisible units for up to 5 minutes or until death.', '<consumable>Zum Verbrauchen klicken:</consumable> Lässt deinen Champion nahe unsichtbare Gegner aufdecken, bis er stirbt oder 5 Minuten vergangen sind.', '', '', '2014-04-30 18:00:47', '2014-05-12 20:43:38', 2047),
(3056, 3056, 'Ohmwrecker', 'Ohmzerstörer', '<stats>+350 Health<br>+50 Ability Power</stats><br><br><active>UNIQUE Active:</active> Prevents nearby enemy turrets from attacking for 2.5 seconds (120 second cooldown). This effect cannot be used against the same turret more than once every 7.5 seconds.', '<stats>+350 Leben<br>+50 Fähigkeitsstärke</stats><br><br><active>EINMALIG, Aktiv:</active> Verhindert 2,5 Sekunden lang, dass nahe gegnerische Türme angreifen können (120 Sekunden Abklingzeit). Dieser Effekt kann denselben Turm nur einmal alle 7,5 Sekunden beeinflussen.', '', '', '2014-04-30 18:00:47', '2014-05-12 20:43:38', 3056),
(3057, 3057, 'Sheen', 'Glanz', '<stats>+200 Mana<br>+25 Ability Power</stats><br><br><unique>UNIQUE Passive - Spellblade:</unique> After using an ability, the next basic attack deals bonus physical damage equal to base Attack Damage on hit (2 second cooldown).<br><br><i>(Unique Passives with the same name don''t stack.)</i>', '<stats>+200 Mana<br>+25 Fähigkeitsstärke</stats><br><br><unique>EINMALIG, Passiv - Zauberklinge:</unique> Nach dem Einsatz einer Fähigkeit verursacht der nächste normale Angriff bei einem Treffer den grundlegenden Angriffsschaden als zusätzlichen normalen Schaden (2 Sekunden Abklingzeit).<br><br><i>(Einmalige passive Boni mit dem gleichen Namen wirken nicht kumulativ.)</i>', '', '', '2014-04-30 18:00:47', '2014-05-12 20:43:38', 3057),
(2049, 2049, 'Sightstone', 'Sehender Stein', '<stats>+150 Health</stats><br><br><unique>UNIQUE Passive - Ward Refresh:</unique> Holds 4 charges and refills upon visiting the shop.<br><active>UNIQUE Active - Ghost Ward:</active> Consumes a charge to place a <font color=''#BBFFFF''>Stealth Ward</font> that reveals the surrounding area for 3 minutes. A player may only have 3 <font color=''#BBFFFF''>Stealth Wards</font> on the map at one time.<br><br><i>(Unique Passives with the same name don''t stack.)</i>', '<stats>+150 Leben</stats><br><br><unique>EINMALIG, Passiv - Augenauffrischung:</unique> Enthält 4 Ladungen und füllt sich bei Besuch des Händlers wieder auf.<br><active>EINMALIG, Aktiv - Geisterauge:</active> Verbraucht eine Ladung, um ein <font color=''#BBFFFF''>Getarntes Auge</font> zu platzieren, das die Umgebung 3 Minuten lang aufdeckt. Ein Spieler kann gleichzeitig nur 3 <font color=''#BBFFFF''>Getarnte Augen</font> auf der Karte haben.<br><br><i>(Einmalige passive Boni mit dem gleichen Namen wirken nicht kumulativ.)</i>', '', '', '2014-04-30 18:00:47', '2014-05-12 20:43:38', 2049),
(2048, 2048, 'Ichor of Illumination', 'Sekret der Erleuchtung', '<consumable>Click to Consume:</consumable> Grants +30-64 Ability Power based on level, +15% Cooldown Reduction, and increased Mana and Energy regeneration for 4 minutes.', '<consumable>Zum Verbrauchen klicken:</consumable> Gewährt 4 Minuten lang abhängig von der Stufe +30-64 Fähigkeitsstärke, +15 % Abklingzeitverringerung und erhöhte Mana- und Energieregeneration.', '', '', '2014-04-30 18:00:47', '2014-05-12 20:43:38', 2048),
(3301, 3301, 'Ancient Coin', 'Uralte Münze', '<stats>+3 Mana Regen per 5 seconds</stats><br><br><unique>UNIQUE Passive - Favor:</unique> Being near a minion death without dealing the killing blow grants 2 Gold and 5 Health.<br><br><groupLimit>Limited to 1 Gold Income item</groupLimit></i><br><br><i><font color=''#447777''>''''Gold dust rises from the desert and clings to the coin.'''' - Historian Shurelya, 11 November, 23 CLE</font></i><br><br>', '<stats>+3 Manaregeneration alle 5 Sekunden</stats><br><br><unique>EINMALIG, Passiv - Gefälligkeit:</unique> Wenn du dich in der Nähe befindest, wenn ein Vasall stirbt, ohne dass du den Todesstoß ausgeführt hast, werden dir 2 Gold und 5 Leben gewährt.<br><br><groupLimit>Auf 1 Goldertrag-Gegenstand begrenzt</groupLimit></i><br><br><i><font color=''#447777''>„Goldstaub steigt aus der Wüste auf und bestäubt die Münze.“ - Historikerin Shurelya, 11. November, 23 CLE</font></i><br><br>', '', '', '2014-04-30 18:00:47', '2014-05-12 20:43:38', 3301),
(3303, 3303, 'Spellthief''s Edge', 'Dolch des Zauberdiebs', '<stats>+5 Ability Power<br>+2 Mana Regen per 5 seconds<br>+2 Gold per 10 seconds</stats><br><br><unique>UNIQUE Passive - Tribute:</unique> Spells and basic attacks against champions or buildings deal 10 additional damage and grant 5 Gold. This can occur up to three times every 30 seconds. Killing a minion disables this passive for 12 seconds.<br><br><groupLimit>Limited to 1 Gold Income item</groupLimit>', '<stats>+5 Fähigkeitsstärke<br>+2 Manaregeneration alle 5 Sekunden<br>+2 Gold alle 10 Sekunden</stats><br><br><unique>EINMALIG, Passiv - Tribut:</unique> Fähigkeiten und normale Angriffe gegen Champions oder Strukturen verursachen 10 zusätzlichen Schaden und gewähren 5 Gold. Dies kann alle 30 Sekunden bis zu drei Mal passieren. Durch das Töten eines Vasallen wird dieser passive Effekt 12 Sekunden lang deaktiviert.<br><br><groupLimit>Auf 1 Goldertrag-Gegenstand begrenzt</groupLimit>', '', '', '2014-04-30 18:00:47', '2014-05-12 20:43:38', 3303),
(3302, 3302, 'Relic Shield', 'Reliktschild', '<stats>+75 Health</stats><br><br><unique>UNIQUE Passive - Spoils of War:</unique> Melee basic attacks execute minions below 200 Health. Killing a minion heals you and the nearest allied champion for 40 Health and grants them kill Gold.<br><br>These effects require a nearby allied champion. Recharges every 60 seconds. Max 2 charges. <br><br><groupLimit>Limited to 1 Gold Income item</groupLimit>', '<stats>+75 Leben</stats><br><br><unique>EINMALIG, Passiv - Kriegsbeute:</unique> Normale Nahkampfangriffe exekutieren Vasallen mit weniger als 200 Leben. Durch die Tötung eines Vasallen werden du und der nächste verbündete Champion in Höhe von 40 Leben geheilt und euch wird Gold pro Tötung gewährt.<br><br>Voraussetzung für diese Effekte ist ein verbündeter Champion in der Nähe. Lädt sich alle 60 Sekunden neu auf. Maximal 2 Ladungen.<br><br><groupLimit>Auf 1 Goldertrag-Gegenstand begrenzt</groupLimit>', '', '', '2014-04-30 18:00:47', '2014-05-12 20:43:38', 3302),
(1037, 1037, 'Pickaxe', 'Spitzhacke', '<stats>+25 Attack Damage</stats>', '<stats>+25 Angriffsschaden</stats>', '', '', '2014-04-30 18:00:47', '2014-05-12 20:43:38', 1037),
(1036, 1036, 'Long Sword', 'Langschwert', '<stats>+10 Attack Damage</stats>', '<stats>+10 Angriffsschaden</stats>', '', '', '2014-04-30 18:00:47', '2014-05-12 20:43:38', 1036),
(1039, 1039, 'Hunter''s Machete', 'Machete des Jägers', '<unique>UNIQUE Passive - Maim:</unique> Basic attacks against monsters deal 10 bonus magic damage and heal 5 Health on hit.<br><unique>UNIQUE Passive - Butcher:</unique> Against monsters, deal 10% bonus damage.<br><br><i>(Unique Passives with the same name don''t stack.)</i>', '<unique>EINMALIG, Passiv - Verstümmeln:</unique> Normale Angriffe auf Monster verursachen bei Treffern 10 zusätzlichen magischen Schaden und heilen 5 Leben.<br><unique>EINMALIG, Passiv - Schlachter:</unique> Verursacht an Monstern 10 % zusätzlichen Schaden.<br><br><i>(Einmalige passive Boni mit dem gleichen Namen wirken nicht kumulativ.)</i>', '', '', '2014-04-30 18:00:47', '2014-05-12 20:43:38', 1039),
(1038, 1038, 'B. F. Sword', 'Riesenschwert', '<stats>+45 Attack Damage</stats>', '<stats>+45 Angriffsschaden</stats>', '', '', '2014-04-30 18:00:47', '2014-05-12 20:43:38', 1038),
(3187, 3187, 'Hextech Sweeper', 'Hextech-Späher', '<stats>+225 Health<br>+250 Mana<br>+25 Armor<br>+20% Cooldown Reduction</stats><br><br><unique>UNIQUE Passive: - Trap Detection</unique> Nearby stealthed enemy traps are revealed.<br><active>UNIQUE Active:</active> A stealth-detecting mist grants vision in the target area for 5 seconds, revealing enemy champions that enter for 3 seconds (60 second cooldown).', '<stats>+225 Leben<br>250 Mana<br>25 Rüstung<br>+20 % Abklingzeitverringerung</stats><br><br><unique>EINMALIG, Passiv - Fallenaufdecken:</unique> Verborgene gegnerische Fallen in der Nähe werden aufgedeckt.<br><active>EINMALIG, Aktiv:</active> Ein Getarnte aufdeckender Nebel gewährt im Zielbereich 5 Sekunden lang Sicht und deckt gegnerische Champions, die diesen betreten, 3 Sekunden lang auf (60 Sekunden Abklingzeit).', '', '', '2014-04-30 18:00:47', '2014-05-12 20:43:38', 3187),
(3188, 3188, 'Blackfire Torch', 'Schwarzfeuer-Fackel', '<stats>+80 Ability Power<br>+10% Cooldown Reduction</stats><br><br><active>UNIQUE Active:</active> Deals 20% of target champion''s maximum Health in magic damage over 4 seconds and increases all subsequent magic damage taken by the target by 20% (60 second cooldown).', '<stats>+80 Fähigkeitsstärke<br>+10 % Abklingzeitverringerung</stats><br><br><active>EINMALIG, Aktiv:</active> Verursacht 20 % des maximalen Lebens des Champions im Ziel als magischen Schaden über 4 Sekunden und erhöht allen vom Ziel erlittenen anschließenden magischen Schaden um 20 % (60 Sekunden Abklingzeit).', '', '', '2014-04-30 18:00:47', '2014-05-12 20:43:38', 3188),
(1042, 1042, 'Dagger', 'Dolch', '<stats>+12% Attack Speed</stats>', '<stats>+12 % Angriffstempo</stats>', '', '', '2014-04-30 18:00:47', '2014-05-12 20:43:38', 1042),
(1043, 1043, 'Recurve Bow', 'Rekursivbogen', '<stats>+30% Attack Speed</stats>', '<stats>+30 % Angriffstempo</stats>', '', '', '2014-04-30 18:00:47', '2014-05-12 20:43:38', 1043),
(3184, 3184, 'Entropy', 'Entropie', '<stats>+275 Health<br>+55 Attack Damage</stats><br><br><unique>UNIQUE Passive - Rage:</unique> Basic attacks grant 20 Movement Speed for 2 seconds on hit. Kills grant 60 Movement Speed for 2 seconds. This Movement Speed bonus is halved for ranged champions.<br><active>UNIQUE Active:</active> For the next 5 seconds, basic attacks reduce the target''s Movement Speed by 30% and deal 80 true damage over 2.5 seconds on hit (60 second cooldown).<br><br><i>(Unique Passives with the same name don''t stack.)</i>', '<stats>+275 Leben<br>+55 Angriffsschaden</stats><br><br><unique>EINMALIG, Passiv - Raserei:</unique> Normale Angriffe gewähren bei einem Treffer 2 Sekunden lang 20 Lauftempo. Tötungen gewähren 2 Sekunden lang 60 Lauftempo. Dieser Lauftempobonus ist bei Fernkampf-Champions halbiert.<br><active>EINMALIG, Aktiv:</active> Die nächsten 5 Sekunden lang verringern normale Angriffe bei einem Treffer das Lauftempo des Ziels 2,5 Sekunden lang um 30 % und verursachen währenddessen 80 absoluten Schaden (60 Sekunden Abklingzeit).<br><br><i>(Einmalige passive Boni mit dem gleichen Namen wirken nicht kumulativ.)</i>', '', '', '2014-04-30 18:00:47', '2014-05-12 20:43:38', 3184),
(3185, 3185, 'The Lightbringer', 'Lichtbringer', '<stats>+20 Attack Damage<br>+25 Armor<br>+15% Life Steal<br>+200 Health</stats><br><br><unique>UNIQUE Passive - Vanquish:</unique> Basic attacks have a 20% chance to deal 100 bonus magic damage on hit (damage doubled for non-champions).<br><unique>UNIQUE Passive - Trap Detection:</unique> Nearby stealthed enemy traps are revealed.<br><active>UNIQUE Active:</active> A stealth-detecting mist grants vision in the target area for 5 seconds, revealing enemy champions that enter for 3 seconds (60 second cooldown).<br><br><i>(Unique Passives with the same name don''t stack.)</i>', '<stats>+20 Angriffsschaden<br>+25 Rüstung<br>+15 % Lebensraub<br>+200 Leben</stats><br><br><unique>EINMALIG, Passiv - Bezwingen:</unique> Normale Angriffe haben bei einem Treffer eine Chance von 20 %, 100 zusätzlichen magischen Schaden zu verursachen (der Schaden wird bei Nicht-Champions verdoppelt).<br><unique>EINMALIG, Passiv - Fallenaufdecken:</unique> Verborgene gegnerische Fallen in der Nähe werden aufgedeckt.<br><active>EINMALIG, Aktiv:</active> Ein Getarnte aufdeckender Nebel gewährt im Zielbereich 5 Sekunden lang Sicht und deckt gegnerische Champions, die diesen betreten, 3 Sekunden lang auf (60 Sekunden Abklingzeit).<br><br><i>(Einmalige passive Boni mit dem gleichen Namen wirken nicht kumulativ.)</i>', '', '', '2014-04-30 18:00:47', '2014-05-12 20:43:38', 3185),
(3040, 3040, 'Seraph''s Embrace', 'Umarmung des Seraphen', '<stats>+1000 Mana<br>+60 Ability Power<br>+10 Mana Regen per 5 seconds</stats><br><br><unique>UNIQUE Passive - Insight:</unique> Grants Ability Power equal to 3% of maximum Mana.<br><active>UNIQUE Active - Mana Shield:</active> Consumes 20% of current Mana to grant a shield for 3 seconds that absorbs damage equal to 150 plus the amount of Mana consumed (120 second cooldown).<br><br><i>(Unique Passives with the same name don''t stack.)</i>', '<stats>+1000 Mana<br>+60 Fähigkeitsstärke<br>+10 Manaregeneration alle 5 Sekunden</stats><br><br><unique>EINMALIG, Passiv - Einsicht:</unique> Gewährt Fähigkeitsstärke in Höhe von 3 % des maximalen Manas.<br><active>EINMALIG, Aktiv - Manaschild:</active> Verbraucht 20 % des aktuellen Manas, um 3 Sekunden lang einen Schild zu gewähren, der Schaden in der Höhe von 150 plus dem verbrauchten Mana absorbiert (120 Sekunden Abklingzeit).<br><br><i>(Einmalige passive Boni mit dem gleichen Namen wirken nicht kumulativ.)</i>', '', '', '2014-04-30 18:00:47', '2014-05-12 20:43:38', 3040),
(3041, 3041, 'Mejai''s Soulstealer', 'Mejais Seelenstehler', '<stats>+20 Ability Power  </stats><br><br><unique>UNIQUE Passive:</unique> Grants +8 Ability Power per stack. Grants 2 stacks for a kill or 1 stack for an assist (max 20 stacks). A third of the stacks are lost upon death. At 20 stacks, grants +15% Cooldown Reduction.', '<stats>+20 Fähigkeitsstärke</stats><br><br><unique>EINMALIG, Passiv:</unique> Gewährt für jede Steigerung +8 Fähigkeitstärke, wobei er bei einer Tötung zwei und bei Unterstützungen eine Steigerung gewährt (bis zu 20-mal kumulativ). Wenn du stirbst, geht ein Drittel der Steigerungen verloren. Bei 20 Steigerungen werden 15 % Abklingzeitverringerung gewährt.', '', '', '2014-04-30 18:00:47', '2014-05-12 20:43:38', 3041),
(3180, 3180, 'Odyn''s Veil', 'Odyns Schleier', '<stats>+350 Health<br>+350 Mana<br>+50 Magic Resist</stats><br><br><unique>UNIQUE Passive:</unique> Reduces and stores 10% of magic damage received. <br><active>UNIQUE Active:</active> Deals 200 + (stored magic) (max 400) magic damage to nearby enemy units (90 second cooldown).', '<stats>+350 Leben<br>+350 Mana<br>+50 Magieresistenz</stats><br><br><unique>EINMALIG, Passiv:</unique> Verringert den erlittenen magischen Schaden um 10 % und speichert diesen. <br><active>EINMALIG, Aktiv:</active> Verursacht 200 + (gespeicherte Magie) magischen Schaden an nahen Gegnern (maximal 400 Schaden) (90 Sekunden Abklingzeit).', '', '', '2014-04-30 18:00:47', '2014-05-12 20:43:38', 3180),
(3042, 3042, 'Muramana', 'Muramana', '<stats>+1000 Mana<br>+20 Attack Damage<br>+7 Mana Regen per 5 seconds</stats><br><br><unique>UNIQUE Passive - Awe:</unique> Grants bonus Attack Damage equal to 2% of maximum Mana.<br><unique>UNIQUE Toggle:</unique> Single target spells and attacks (on hit) consume 3% of current Mana to deal bonus physical damage equal to twice the amount of Mana consumed.<br><br><i>(Unique Passives with the same name don''t stack.)</i>', '<stats>+1000 Mana<br>+20 Angriffsschaden<br>+7 Manaregeneration alle 5 Sekunden</stats><br><br><unique>EINMALIG, Passiv - Ehrfurcht:</unique> Gewährt zusätzlichen Angriffsschaden in Höhe von 2 % des maximalen Manas.<br><unique>EINMALIG, Aktivierbar:</unique> Einzelzielfähigkeiten und -angriffe verbrauchen (bei einem Treffer) 3 % des aktuellen Manas, um zusätzlichen normalen Schaden in Höhe des doppelten Wertes des verbrauchten Manas zu verursachen.<br><br><i>(Einmalige passive Boni mit dem gleichen Namen wirken nicht kumulativ.)</i>', '', '', '2014-04-30 18:00:47', '2014-05-12 20:43:38', 3042),
(3181, 3181, 'Sanguine Blade', 'Blutklinge', '<stats>+40 Attack Damage<br>+15% Life Steal</stats><br><br><unique>UNIQUE Passive:</unique> Basic attacks grant +6 Attack Damage and +1% Life Steal for 4 seconds on hit (effect stacks up to 5 times).', '<stats>+40 Angriffsschaden<br>+15 % Lebensraub</stats><br><br><unique>EINMALIG, Passiv:</unique> Jeder normale Angriff gewährt bei einem Treffer 4 Sekunden lang +6 Angriffsschaden und +1 % Lebensraub (bis zu 5-mal kumulativ).', '', '', '2014-04-30 18:00:47', '2014-05-12 20:43:38', 3181),
(3043, 3043, 'Muramana', 'Muramana', '<stats>+1000 Mana<br>+20 Attack Damage<br>+7 Mana Regen per 5 seconds</stats><br><br><unique>UNIQUE Passive - Awe:</unique> Grants bonus Attack Damage equal to 2% of maximum Mana.<br><unique>UNIQUE Toggle:</unique> Single target spells and attacks (on hit) consume 3% of current Mana to deal bonus physical damage equal to twice the amount of Mana consumed.<br><br><i>(Unique Passives with the same name don''t stack.)</i>', '<stats>+1000 Mana<br>+20 Angriffsschaden<br>+7 Manaregeneration alle 5 Sekunden</stats><br><br><unique>EINMALIG, Passiv - Ehrfurcht:</unique> Gewährt zusätzlichen Angriffsschaden in Höhe von 2 % des maximalen Manas.<br><unique>EINMALIG, Aktivierbar:</unique> Einzelzielfähigkeiten und -angriffe verbrauchen (bei einem Treffer) 3 % des aktuellen Manas, um zusätzlichen normalen Schaden in Höhe des doppelten Wertes des verbrauchten Manas zu verursachen.<br><br><i>(Einmalige passive Boni mit dem gleichen Namen wirken nicht kumulativ.)</i>', '', '', '2014-04-30 18:00:47', '2014-05-12 20:43:38', 3043),
(3044, 3044, 'Phage', 'Phage', '<stats>+200 Health<br>+20 Attack Damage</stats><br><br><unique>UNIQUE Passive - Rage:</unique> Basic attacks grant 20 Movement Speed for 2 seconds. Kills grant 60 Movement Speed instead. This Movement Speed bonus is halved for ranged champions.<br><br><i>(Unique Passives with the same name don''t stack.)</i>', '<stats>+200 Leben<br>+20 Angriffsschaden</stats><br><br><unique>EINMALIG, Passiv - Raserei:</unique> Normale Angriffe gewähren 2 Sekunden lang 20 Lauftempo. Tötungen gewähren stattdessen 60 Lauftempo. Das Bonuslauftempo ist für Fernkampfchampions halbiert.<br><br><i>(Einmalige passive Boni mit dem gleichen Namen wirken nicht kumulativ.)</i>', '', '', '2014-04-30 18:00:47', '2014-05-12 20:43:38', 3044),
(3046, 3046, 'Phantom Dancer', 'Phantomtänzer', '<stats>+50% Attack Speed<br>+30% Critical Strike Chance<br>+5% Movement Speed</stats><br><br><unique>UNIQUE Passive:</unique> Champion can move through units.', '<stats>+50 % Angriffstempo<br>+30 % Chance auf kritische Treffer<br>+5 % Lauftempo</stats><br><br><unique>EINMALIG, Passiv:</unique> Der Champion kann sich durch Einheiten bewegen.', '', '', '2014-04-30 18:00:47', '2014-05-12 20:43:38', 3046),
(3069, 3069, 'Talisman of Ascension', 'Amulett des Aufstiegs', '<stats>+20% Cooldown Reduction<br>+15 Mana Regen per 5 seconds<br>+10 Health Regen per 5 seconds<br>+2 Gold per 10 seconds</stats><br><br><unique>UNIQUE Passive - Favor:</unique> Being near a minion death without dealing the killing blow grants 3 Gold and 10 Health.<br><active>UNIQUE Active:</active> Grants nearby allies +40% Movement Speed for 3 seconds (60 second cooldown).<br><br><groupLimit>Limited to 1 Gold Income item</groupLimit><br><br><i><font color=''#447777''>''''Praise the sun.'''' - Historian Shurelya, 22 September, 25 CLE</font></i><br><br>', '<stats>+20 % Abklingzeitverringerung<br>+15 Manaregeneration alle 5 s<br>+10 Lebensregeneration alle 5 s<br>+2 Gold alle 10 Sekunden</stats><br><br><unique>EINMALIG, Passiv - Gefälligkeit:</unique> Wenn du dich in der Nähe befindest, wenn ein Vasall stirbt, ohne dass du den Todesstoß ausgeführt hast, werden dir 3 Gold und 10 Leben gewährt.<br><active>EINMALIG, Aktiv:</active> Gewährt Verbündeten in der Nähe 3 Sekunden lang +40 % Lauftempo (60 Sekunden Abklingzeit).<br><br><groupLimit>Auf 1 Goldertrag-Gegenstand begrenzt</groupLimit><br><br><i><font color=''#447777''>„Lobpreiset die Sonne.“ - Historikerin Shurelya, 22. September, 25 CLE</font></i><br><br>', '', '', '2014-04-30 18:00:47', '2014-05-12 20:43:38', 3069),
(1029, 1029, 'Cloth Armor', 'Stoffrüstung', '<stats>+15 Armor</stats>', '<stats>+15 Rüstung</stats>', '', '', '2014-04-30 18:00:47', '2014-05-12 20:43:38', 1029),
(1028, 1028, 'Ruby Crystal', 'Rubinkristall', '<stats>+150 Health</stats>', '<stats>+150 Leben</stats>', '', '', '2014-04-30 18:00:47', '2014-05-12 20:43:38', 1028),
(3169, 3169, 'Bonetooth Necklace', 'Knochenzahn-Halskette', '<unique>UNIQUE Active - Bonetooth Totem:</unique> Places a Stealth Ward that lasts 120 seconds (120 Second cooldown). Active upgrades at 20 Trophies.<br><br><unique>UNIQUE Passive - Mementos of the Hunt:</unique> Rengar collects trophies when killing Champions and gains bonus effects based on how many trophies he has. Kills and assists grant 1 trophy.<br><br><passive>3 Trophies:</passive> Rengar gains 25 Movement Speed whilst out of combat or in brush. <br><passive>6 Trophies:</passive> Increases the range of Rengar''s Leap by 125.<br><passive>12 Trophies:</passive> Thrill of the Hunt''s duration is increased by 5 seconds.<br><passive>20 Trophies:</passive> Thrill of the Hunt''s Movement Speed while stealthed is doubled.', '<unique>EINMALIG, Aktiv - Knochenzahn-Totem:</unique> Platziert ein Getarntes Auge, das 120 Sekunden andauert (120 Sekunden Abklingzeit). Aktive Aufwertungen bei 20 Trophäen.<br><br><unique>EINMALIG, Passiv - Andenken an die Jagd:</unique> Rengar sammelt Trophäen von getöteten Champions und erhält je nach Anzahl der gesammelten Trophäen zusätzliche Effekte. Tötungen und Unterstützungen gewähren 1 Trophäe.<br><br><passive>3 Trophäen:</passive> Rengar erhält 25 Lauftempo, wenn er nicht kämpft oder im hohen Gras ist.<br><passive>6 Trophäen:</passive> Die Reichweite von Rengars Sprung wird um 125 erhöht.<br><passive>12 Trophäen:</passive> Die Dauer von Jagdfieber wird um 5 Sekunden erhöht.<br><passive>20 Trophäen: </passive>Das Lauftempo von Jagdfieber während der Tarnung ist verdoppelt.', '', '', '2014-04-30 18:00:47', '2014-05-12 20:43:38', 3169),
(1027, 1027, 'Sapphire Crystal', 'Saphirkristall', '<stats>+200 Mana</stats>', '<stats>+200 Mana</stats>', '', '', '2014-04-30 18:00:47', '2014-05-12 20:43:38', 1027),
(3168, 3168, 'Bonetooth Necklace', 'Knochenzahn-Halskette', '<unique>UNIQUE Active - Bonetooth Totem:</unique> Places a Stealth Ward that lasts 120 seconds (120 Second cooldown). Active upgrades at 20 Trophies.<br><br><unique>UNIQUE Passive - Mementos of the Hunt:</unique> Rengar collects trophies when killing Champions and gains bonus effects based on how many trophies he has. Kills and assists grant 1 trophy.<br><br><passive>3 Trophies:</passive> Rengar gains 25 Movement Speed whilst out of combat or in brush. <br><passive>6 Trophies:</passive> Increases the range of Rengar''s Leap by 125.<br><passive>12 Trophies:</passive> Thrill of the Hunt''s duration is increased by 5 seconds.<br><passive>20 Trophies:</passive> Thrill of the Hunt''s Movement Speed while stealthed is doubled.', '<unique>EINMALIG, Aktiv - Knochenzahn-Totem:</unique> Platziert ein Getarntes Auge, das 120 Sekunden andauert (120 Sekunden Abklingzeit). Aktive Aufwertungen bei 20 Trophäen.<br><br><unique>EINMALIG, Passiv - Andenken an die Jagd:</unique> Rengar sammelt Trophäen von getöteten Champions und erhält je nach Anzahl der gesammelten Trophäen zusätzliche Effekte. Tötungen und Unterstützungen gewähren 1 Trophäe.<br><br><passive>3 Trophäen:</passive> Rengar erhält 25 Lauftempo, wenn er nicht kämpft oder im hohen Gras ist.<br><passive>6 Trophäen:</passive> Die Reichweite von Rengars Sprung wird um 125 erhöht.<br><passive>12 Trophäen:</passive> Die Dauer von Jagdfieber wird um 5 Sekunden erhöht.<br><passive>20 Trophäen: </passive>Das Lauftempo von Jagdfieber während der Tarnung ist verdoppelt.', '', '', '2014-04-30 18:00:47', '2014-05-12 20:43:38', 3168),
(1026, 1026, 'Blasting Wand', 'Zauberstab', '<stats>+40 Ability Power</stats>', '<stats>+40 Fähigkeitsstärke</stats>', '', '', '2014-04-30 18:00:47', '2014-05-12 20:43:38', 1026),
(3070, 3070, 'Tear of the Goddess', 'Träne der Göttin', '<stats>+250 Mana<br>+6 Mana Regen per 5 seconds</stats><br><br><unique>UNIQUE Passive - Mana Charge:</unique> +4 maximum Mana on spell cast or Mana expenditure (up to twice per 8 seconds); <br>+1 maximum Mana per 8 seconds;<br>Max +750 Mana.<br><br><i>(Unique Passives with the same name don''t stack.)</i>', '<stats>+250 Mana<br>+6 Manaregeneration alle 5 s</stats><br><br><unique>EINMALIG, Passiv - Manaladung:</unique> +4 maximales Mana bei der Ausführung oder Manaausgabe (bis zu 2 Mal alle 8 Sekunden);<br>+1 maximales Mana alle 8 Sekunden;<br>max. +750 Mana.<br><br><i>(Einmalige passive Boni mit dem gleichen Namen wirken nicht kumulativ.)</i>', '', '', '2014-04-30 18:00:47', '2014-05-12 20:43:38', 3070),
(1033, 1033, 'Null-Magic Mantle', 'Nullmagie-Mantel', '<stats>+20 Magic Resist</stats>', '<stats>+20 Magieresistenz</stats>', '', '', '2014-04-30 18:00:47', '2014-05-12 20:43:38', 1033),
(3071, 3071, 'The Black Cleaver', 'Schwarzes Beil', '<stats>+200 Health<br>+50 Attack Damage<br>+10% Cooldown Reduction<br><br></stats><passive>UNIQUE Passive:</passive> +10 Armor Penetration<br><passive>Passive:</passive> Dealing physical damage to an enemy champion reduces their Armor by 5% for 4 seconds (stacks up to 5 times, up to 25%).<br><br><i>(Armor Penetration: Physical damage is increased by ignoring an amount of the target''s Armor equal to Armor Penetration.)</i>', '<stats>+200 Leben<br>+50 Angriffsschaden<br>+10 % Abklingzeitverringerung<br><br></stats><passive>EINMALIG, Passiv:</passive> +10 Rüstungsdurchdringung<br><passive>Passiv:</passive> Normaler Schaden an gegnerischen Champions verringert deren Rüstung 4 Sekunden lang um 5 % (bis zu 5-mal kumulativ, bis zu 25 %).<br><br><i>(Rüstungsdurchdringung: Normaler Schaden wird erhöht, indem ein Teil der Rüstung des Ziels in Höhe der Rüstungsdurchdringung ignoriert wird.)</i>', '', '', '2014-04-30 18:00:47', '2014-05-12 20:43:38', 3071),
(3174, 3174, 'Athene''s Unholy Grail', 'Athenes unheiliger Gral', '<stats>+60 Ability Power<br>+40 Magic Resist<br>+15 Mana Regen per 5 seconds<br>+20% Cooldown Reduction</stats><br><br><unique>UNIQUE Passive:</unique> Restores 12% of maximum Mana on kill or assist.<br><unique>UNIQUE Passive - Mana Font:</unique> Increases Mana Regen by 1% for every 1% of missing Mana.<br><br><i>(Unique Passives with the same name do not stack.)</i>', '<stats>+60 Fähigkeitsstärke<br>+40 Magieresistenz<br>+15 Manaregeneration alle 5 s<br>+20 % Abklingzeitverringerung</stats><br><br><unique>EINMALIG, Passiv:</unique> Stellt bei jeder Unterstützung oder Tötung 12 % des maximalen Manas wieder her.<br><unique>EINMALIG, Passiv - Manaquelle:</unique> Erhöht die Manaregeneration um 1 % pro 1 % fehlendem Mana.<br><br><i>(Einmalige passive Boni mit dem gleichen Namen wirken nicht kumulativ.)</i>', '', '', '2014-04-30 18:00:47', '2014-05-12 20:43:38', 3174),
(3171, 3171, 'Bonetooth Necklace', 'Knochenzahn-Halskette', '<unique>UNIQUE Active - Bonetooth Totem:</unique> Places a Stealth Ward that lasts 180 seconds (120 Second cooldown).<br><br><unique>UNIQUE Passive - Mementos of the Hunt:</unique> Rengar collects trophies when killing Champions and gains bonus effects based on how many trophies he has. Kills and assists grant 1 trophy.<br><br><passive>3 Trophies:</passive> Rengar gains 25 Movement Speed whilst out of combat or in brush. <br><passive>6 Trophies:</passive> Increases the range of Rengar''s Leap by 125.<br><passive>12 Trophies:</passive> Thrill of the Hunt''s duration is increased by 5 seconds.<br><passive>20 Trophies:</passive> Thrill of the Hunt''s Movement Speed while stealthed is doubled.', '<unique>EINMALIG, Aktiv - Knochenzahn-Totem:</unique> Platziert ein Getarntes Auge, das 180 Sekunden andauert (120 Sekunden Abklingzeit).<br><br><unique>EINMALIG, Passiv - Andenken an die Jagd:</unique> Rengar sammelt Trophäen von getöteten Champions und erhält je nach Anzahl der gesammelten Trophäen zusätzliche Effekte. Tötungen und Unterstützungen gewähren 1 Trophäe.<br><br><passive>3 Trophäen:</passive> Rengar erhält 25 Lauftempo, wenn er nicht kämpft oder im hohen Gras ist.<br><passive>6 Trophäen:</passive> Die Reichweite von Rengars Sprung wird um 125 erhöht.<br><passive>12 Trophäen:</passive> Die Dauer von Jagdfieber wird um 5 Sekunden erhöht.<br><passive>20 Trophäen: </passive>Das Lauftempo von Jagdfieber während der Tarnung ist verdoppelt.', '', '', '2014-04-30 18:00:47', '2014-05-12 20:43:38', 3171),
(1031, 1031, 'Chain Vest', 'Kettenweste', '<stats>+40 Armor</stats>', '<stats>+40 Rüstung</stats>', '', '', '2014-04-30 18:00:47', '2014-05-12 20:43:38', 1031),
(3172, 3172, 'Zephyr', 'Zephir', '<stats>+25 Attack Damage<br>+50% Attack Speed<br>+10% Movement Speed<br>+10% Cooldown Reduction</stats><br><br><unique>UNIQUE Passive - Tenacity:</unique> Reduces the duration of stuns, slows, taunts, fears, silences, blinds, polymorphs, and immobilizes by 35%.<br><br><i>(Unique Passives with the same name do not stack.)</i>', '<stats>+25 Angriffsschaden<br>+50 % Angriffstempo<br>+10 % Lauftempo<br>+ 10 % Abklingzeitverringerung</stats><br><br><unique>EINMALIG, Passiv - Zähigkeit:</unique> Verringert die Dauer von Betäubungen, Verlangsamungen, Spott, Ängsten, Verstummungen, Blendungen, Verwandlungen und Bewegungsunfähigkeit um 35 %.<br><br><i>(Einmalige passive Boni mit dem gleichen Namen wirken nicht kumulativ.)</i>', '', '', '2014-04-30 18:00:47', '2014-05-12 20:43:38', 3172),
(3175, 3175, 'Head of Kha''Zix', 'Kopf von Kha''Zix', '<unique>UNIQUE Active - Bonetooth Totem:</unique> Places a Stealth Ward that lasts 180 seconds (120 Second cooldown). Limit 3 Stealth Wards on the map per player.<br><br><unique>UNIQUE Passive - Mementos of the Hunt:</unique> Rengar collects trophies when killing Champions and gains bonus effects based on how many trophies he has. Kills and assists grant 1 trophy.<br><br><passive>3 Trophies:</passive> Rengar gains 25 Movement Speed whilst out of combat or in brush. <br><passive>6 Trophies:</passive> Increases the range of Rengar''s Leap by 125.<br><passive>12 Trophies:</passive> Thrill of the Hunt''s duration is increased by 5 seconds.<br><passive>20 Trophies:</passive> Rengar gains the movement speed bonus of Thrill of the Hunt while he is stealthed.', '<unique>EINMALIG, Aktiv - Knochenzahn-Totem:</unique> Platziert ein Getarntes Auge, das 180 Sekunden andauert (120 Sekunden Abklingzeit). Auf 3 Getarnte Augen auf der Karte pro Spieler begrenzt.<br><br><unique>EINMALIG, Passiv - Andenken an die Jagd:</unique> Rengar sammelt Trophäen von getöteten Champions und erhält je nach Anzahl der gesammelten Trophäen zusätzliche Effekte. Tötungen und Unterstützungen gewähren 1 Trophäe.<br><br><passive>3 Trophäen:</passive> 25 Lauftempo, wenn er nicht kämpft oder im hohen Gras ist.<br><passive>6 Trophäen:</passive> Die Reichweite von Rengars Sprung wird um 125 erhöht.<br><passive>12 Trophäen:</passive> Die Dauer von Jagdfieber wird um 5 Sekunden erhöht.<br><passive>20 Trophäen:</passive> Rengar erhält den Lauftempobonus von Jagdfieber, während er getarnt ist.', '', '', '2014-04-30 18:00:47', '2014-05-12 20:43:38', 3175),
(3078, 3078, 'Trinity Force', 'Stärke der Dreieinigkeit', '<stats>+30 Attack Damage<br>+30 Ability Power<br>+30% Attack Speed<br>+10% Critical Strike Chance<br>+8% Movement Speed<br>+250 Health<br>+200 Mana</stats><br><br><unique>UNIQUE Passive - Rage:</unique> Basic attacks grant 20 Movement Speed for 2 seconds. Kills grant 60 Movement Speed instead. This Movement Speed bonus is halved for ranged champions.<br><unique>UNIQUE Passive - Spellblade:</unique> After using an ability, the next basic attack deals bonus physical damage equal to 200% of base Attack Damage on hit (2 second cooldown).<br><br><i>(Unique Passives with the same name don''t stack.)</i>', '<stats>+30 Angriffsschaden<br>+30 Fähigkeitsstärke<br>+30 % Angriffstempo<br>+10 % Chance auf kritische Treffer<br>+8 % Lauftempo<br>+250 Leben<br>+200 Mana</stats><br><br><unique>EINMALIG, Passiv - Raserei:</unique> Normale Angriffe gewähren 2 Sekunden lang 20 Lauftempo. Tötungen gewähren stattdessen 60 Lauftempo. Das Bonuslauftempo ist für Fernkampfchampions halbiert.<br><unique>EINMALIG, Passiv - Zauberklinge:</unique> Nach dem Einsatz einer Fähigkeit verursacht der nächste normale Angriff bei einem Treffer zusätzlich 200 % des grundlegenden Angriffsschadens als normalen Schaden (2 Sekunden Abklingzeit).<br><br><i>(Einmalige passive Boni mit dem gleichen Namen wirken nicht kumulativ.)</i>', '', '', '2014-04-30 18:00:47', '2014-05-12 20:43:38', 3078),
(3077, 3077, 'Tiamat (Melee Only)', 'Tiamat (Nur Nahkampf)', '<stats>+40 Attack Damage<br>+15 Health Regen per 5 seconds</stats><br><br><unique>UNIQUE Passive - Cleave:</unique> Basic attacks deal 20% to 60% of total Attack Damage as bonus physical damage to enemies near the target on hit (enemies closest to the target take the most damage).<br><active>UNIQUE Active - Crescent:</active> Deals 60% to 100% of total Attack Damage as physical damage to nearby enemy units (closest enemies take the most damage) (10 second cooldown).<br><br><i>(Unique Passives with the same name don''t stack.)</i>', '<stats>+40 Angriffsschaden<br>+15 Lebensregeneration alle 5 s</stats><br><br><unique>EINMALIG, Passiv - Schlag:</unique> Normale Angriffe verursachen bei einem Treffer 20 % bis 60 % des Gesamt-Angriffsschadens als zusätzlichen normalen Schaden an Gegnern um das Ziel herum (Gegner, die dem Ziel am nächsten stehen, erleiden den meisten Schaden).<br><active>EINMALIG, Aktiv - Sichel:</active> Verursacht 60 % bis 100 % des Gesamt-Angriffsschadens als normalen Schaden an gegnerischen Einheiten in der Nähe (Gegner, die dem Ziel am nächsten stehen, erleiden den meisten Schaden.) (10 Sekunden Abklingzeit).<br><br><i>(Einmalige passive Boni mit dem gleichen Namen wirken nicht kumulativ.)</i>', '', '', '2014-04-30 18:00:47', '2014-05-12 20:43:38', 3077),
(3074, 3074, 'Ravenous Hydra (Melee Only)', 'Gefräßige Hydra (nur Nahkampf)', '<stats>+75 Attack Damage<br>+15 Health Regen per 5 seconds<br>+12% Life Steal</stats><br><br><passive>Passive:</passive> Life Steal applies to damage dealt by this item.<br><unique>UNIQUE Passive - Cleave:</unique> Basic attacks deal 20% to 60% of total Attack Damage as bonus physical damage to enemies near the target on hit (enemies closest to the target take the most damage).<br><active>UNIQUE Active - Crescent:</active> Deals 60% to 100% of total Attack Damage as physical damage to nearby enemy units (closest enemies take the most damage) (10 second cooldown).<br><br><i>(Unique Passives with the same name don''t stack.)</i>', '<stats>+75 Angriffsschaden<br>+15 Lebensregeneration alle 5 Sekunden<br>+12 % Lebensraub</stats><br><br><passive>Passiv:</passive> Lebensraub berechnet sich nach dem durch diesen Gegenstand verursachten Schaden.<br><unique>EINMALIG, Passiv - Schlag:</unique> Normale Angriffe verursachen bei einem Treffer 20 % bis 60 % des Gesamt-Angriffsschadens als zusätzlichen normalen Schaden an Gegnern um das Ziel herum (Gegner, die dem Ziel am nächsten stehen, erleiden den meisten Schaden).<br><active>EINMALIG, Aktiv - Sichel:</active> Verursacht 60 % bis 100 % des Gesamt-Angriffsschadens als normalen Schaden an gegnerischen Einheiten in der Nähe (Gegner, die dem Ziel am nächsten stehen, erleiden den meisten Schaden) (10 Sekunden Abklingzeit).<br><br><i>(Einmalige passive Boni mit dem gleichen Namen wirken nicht kumulativ.)</i>', '', '', '2014-04-30 18:00:47', '2014-05-12 20:43:38', 3074),
(3075, 3075, 'Thornmail', 'Dornenpanzer', '<stats>+100 Armor  </stats><br><br><unique>UNIQUE Passive:</unique> Upon being hit by a basic attack, returns 30% of the incoming damage (before being reduced by defenses) to the attacker as magic damage.', '<stats>+100 Rüstung</stats><br><br><unique>EINMALIG, Passiv:</unique> Bei einem Treffer durch einen normalen Angriff werden 30 % des erlittenen Schadens als magischer Schaden (bevor sie durch defensive Werte verringert wurden) zum Angreifer zurückgeworfen.', '', '', '2014-04-30 18:00:47', '2014-05-12 20:43:38', 3075),
(3170, 3170, 'Moonflair Spellblade', 'Mondstaub-Zauberklinge', '<stats>+50 Ability Power<br>+50 Armor<br>+50 Magic Resist</stats><br><br><unique>UNIQUE Passive - Tenacity:</unique> Reduces the duration of stuns, slows, taunts, fears, silences, blinds, polymorphs, and immobilizes by 35%.<br><br><i>(Unique Passives with the same name do not stack.)</i>', '<stats>+50 Fähigkeitsstärke<br>+50 Rüstung<br>+50 Magieresistenz</stats><br><br><unique>EINMALIG, Passiv - Zähigkeit:</unique> Verringert die Wirkdauer von Betäubungen, Verlangsamungen, Spott, Ängsten, Festhaltungen, Verstummungen, Blendungen, Verwandlungen und Bewegungsunfähigkeit um 35 %.<br><br><i>(Einmalige passive Boni mit dem gleichen Namen wirken nicht kumulativ.)</i>', '', '', '2014-04-30 18:00:47', '2014-05-12 20:43:38', 3170),
(3072, 3072, 'The Bloodthirster', 'Blutdürster', '<stats>+70 Attack Damage<br>+12% Life Steal</stats><br><br><passive>Passive:</passive> Grants +1 Attack Damage and +0.2% Life Steal per stack (max +30 Attack Damage and +6% Life Steal). Grants 1 stack per unit kill (max 30 stacks). Half of the stacks are lost upon death.', '<stats>+70 Angriffsschaden<br>+12 % Lebensraub</stats><br><br><passive>Passiv:</passive> Gewährt +1 Angriffsschaden und +0,2 % Lebensraub pro Steigerung (maximal +30 Angriffsschaden und +6 % Lebensraub). Gewährt eine Steigerung pro getöteter Einheit (maximal 30 Steigerungen). Beim Tod geht die Hälfte der Kumulationen verloren.', '', '', '2014-04-30 18:00:47', '2014-05-12 20:43:38', 3072),
(3073, 3073, 'Tear of the Goddess (Crystal Scar)', 'Träne der Göttin (Kristallnarbe)', '<stats>+250 Mana<br>+6 Mana Regen per 5 seconds</stats><br><br><unique>UNIQUE Passive - Mana Charge:</unique> +5 maximum Mana on spell cast or Mana expenditure (up to twice per 6 seconds); <br>+1 maximum Mana per 6 seconds;<br>Max +750 Mana.<br><br><i>(Unique Passives with the same name don''t stack.)</i>', '<stats>+250 Mana<br>+6 Manaregeneration alle 5 Sekunden</stats><br><br><unique>EINMALIG, Passiv - Manaladung:</unique> +5 maximales Mana bei der Ausführung oder Manaausgabe (bis zu 2 Mal alle 6 Sekunden);<br>+1 maximales Mana alle 6 Sekunden;<br>max. +750 Mana.<br><br><i>(Einmalige passive Boni mit dem gleichen Namen wirken nicht kumulativ.)</i>', '', '', '2014-04-30 18:00:47', '2014-05-12 20:43:38', 3073),
(2040, 2040, 'Ichor of Rage', 'Sekret des Zorns', '<consumable>Click to Consume:</consumable> Grants +20-40 Attack Damage based on level, +20-40% Attack Speed based on level, and 15% increased damage to turrets for 4 minutes.', '<consumable>Zum Verbrauchen klicken:</consumable> Gewährt 4 Minuten lang abhängig von der Stufe +20-40 Angriffsschaden, +20-40 % Angriffstempo und 15 % erhöhten Schaden gegen Türme.', '', '', '2014-04-30 18:00:47', '2014-05-12 20:43:38', 2040),
(2041, 2041, 'Crystalline Flask', 'Kristalline Flasche', '<unique>UNIQUE Passive:</unique> Holds 3 charges and refills upon visiting the shop.<br><active>UNIQUE Active:</active> Consumes a charge to restore 120 Health and 60 Mana over 12 seconds.', '<unique>EINMALIG, Passiv:</unique> Enthält 3 Ladungen und füllt sich bei Besuch des Händlers wieder auf.<br><active>EINMALIG, Aktiv:</active> Verbraucht eine Ladung, um über 12 Sekunden hinweg 120 Leben und 60 Mana wiederherzustellen.', '', '', '2014-04-30 18:00:47', '2014-05-12 20:43:38', 2041),
(2044, 2044, 'Stealth Ward', 'Getarntes Auge', '<groupLimit>Can only carry 3 Stealth Wards in inventory.</groupLimit><br><br><consumable>Click to Consume:</consumable> Places an invisible ward that reveals the surrounding area for 3 minutes. Limit 3 <font color=''#BBFFFF''>Stealth Wards</font> on the map per player.', '<groupLimit>Kann nur 3 Getarnte Augen im Inventar haben.</groupLimit><br><br><consumable>Zum Verbrauchen klicken:</consumable> Platziert ein unsichtbares Auge, das 3 Minuten lang das umliegende Gebiet aufdeckt. Auf 3 <font color=''#BBFFFF''>Getarnte Augen</font> auf der Karte pro Spieler begrenzt', '', '', '2014-04-30 18:00:47', '2014-05-12 20:43:38', 2044),
(2045, 2045, 'Ruby Sightstone', 'Sehender Rubinstein', '<stats>+400 Health</stats><br><br><unique>UNIQUE Passive - Ward Refresh:</unique> Holds 5 charges and refills upon visiting the shop.<br><active>UNIQUE Active - Ghost Ward:</active> Consumes a charge to place a <font color=''#BBFFFF''>Stealth Ward</font> that reveals the surrounding area for 3 minutes. A player may only have 3 <font color=''#BBFFFF''>Stealth Wards</font> on the map at one time.<br><br><i>(Unique Passives with the same name don''t stack.)</i>', '<stats>+400 Leben</stats><br><br><unique>EINMALIG, Passiv - Augenauffrischung:</unique> Enthält 5 Ladungen und füllt sich bei Besuch des Händlers wieder auf.<br><active>EINMALIG, Aktiv - Geisterauge:</active> Verbraucht eine Ladung, um ein <font color=''#BBFFFF''>Getarntes Auge</font> zu platzieren, das die Umgebung 3 Minuten lang aufdeckt. Ein Spieler kann gleichzeitig nur 3 <font color=''#BBFFFF''>Getarnte Augen</font> auf der Karte haben.<br><br><i>(Einmalige passive Boni mit dem gleichen Namen wirken nicht kumulativ.)</i>', '', '', '2014-04-30 18:00:47', '2014-05-12 20:43:38', 2045),
(2043, 2043, 'Vision Ward', 'Magisches Auge', '<groupLimit>Can only carry 2 Vision Wards in inventory.</groupLimit><br><br><consumable>Click to Consume:</consumable> Places a visible ward that reveals the surrounding area and invisible units in the area until killed. Limit 1 <font color=''#BBFFFF''>Vision Ward</font> on the map per player.<br><br><i>(Revealing a ward in this manner grants a portion of the gold reward when that unit is killed.)</i>', '<groupLimit>Kann nur 2 magische Augen im Inventar haben.</groupLimit><br><br><consumable>Zum Verbrauchen klicken:</consumable> Platziert ein sichtbares, magisches Auge, welches das umliegende Gebiet und darin befindliche unsichtbare Einheiten aufdeckt, bis sie getötet werden. Auf 1 <font color=''#BBFFFF''>Magisches Auge</font> auf der Karte pro Spieler begrenzt<br><br><i>(Ein Auge auf diese Art aufzudecken, gewährt einen Teil der Belohnung in Gold, wenn diese Einheit getötet wird.)</i>', '', '', '2014-04-30 18:00:47', '2014-05-12 20:43:38', 2043),
(3158, 3158, 'Ionian Boots of Lucidity', 'Ionische Stiefel der Deutlichkeit', '<unique>UNIQUE Passive:</unique> +15% Cooldown Reduction<br><unique>UNIQUE Passive - Enhanced Movement:</unique> +45 Movement Speed<br><br><i>(Unique Passives with the same name don''t stack.)</i><br><br><i><font color=''#FDD017''>''''This item is dedicated in honor of Ionia''s victory over Noxus in the Rematch for the Southern Provinces on 10 December, 20 CLE.''''</font></i>', '<unique>EINMALIG, Passiv:</unique> +15 % Abklingzeitverringerung.<br><unique>EINMALIG, Passiv - Verbesserte Bewegung:</unique> +45 Lauftempo.<br><br><i>(Einmalige passive Boni mit dem gleichen Namen wirken nicht kumulativ.)</i><br><br><i><font color=''#FDD017''>„Dieser Gegenstand ist dem Sieg Ionias über Noxus im Rückspiel um die südlichen Provinzen am 11. Dezember 20 CLE gewidmet.“</font></i>', '', '', '2014-04-30 18:00:47', '2014-05-12 20:43:38', 3158),
(3157, 3157, 'Zhonya''s Hourglass', 'Zhonyas Stundenglas', '<stats>+120 Ability Power<br>+50 Armor  </stats><br><br><active>UNIQUE Active - Stasis:</active> Champion becomes invulnerable and untargetable for 2.5 seconds, but is unable to move, attack, cast spells, or use items during this time (90 second cooldown).', '<stats>+120 Fähigkeitsstärke<br>+50 Rüstung</stats><br><br><active>EINMALIG, Aktiv - Stase:</active> Der Champion wird 2,5 Sekunden lang unverwundbar, unangreifbar, ist während dieser Zeit aber bewegungsunfähig, kann nicht angreifen, keine Zauber wirken oder Gegenstände benutzen (90 Sekunden Abklingzeit).', '', '', '2014-04-30 18:00:47', '2014-05-12 20:43:38', 3157),
(1018, 1018, 'Cloak of Agility', 'Mantel des Geschicks', '<stats>+15% Critical Strike Chance</stats>', '<stats>+15 % Chance auf kritische Treffer</stats>', '', '', '2014-04-30 18:00:47', '2014-05-12 20:43:38', 1018),
(3159, 3159, 'Grez''s Spectral Lantern', 'Grez'' Spektrallaterne', '<stats>+15 Attack Damage<br>+20 Armor<br>+12% Life Steal</stats><br><br><unique>UNIQUE Passive:</unique> Basic attacks against minions and monsters have a 20% chance to deal 200 bonus magic damage on hit.<br><active>UNIQUE Active:</active> A stealth-detecting mist grants vision in the target area for 5 seconds, revealing enemy champions that enter for 3 seconds (60 second cooldown).', '<stats>+15 Angriffsschaden<br>+20 Rüstung<br>+12 % Lebensraub</stats><br><br><unique>EINMALIG, Passiv:</unique> Normale Angriffe gegen Vasallen und Monster besitzen bei einem Treffer eine Chance von 20 %, zusätzlich 200 magischen Schaden zu verursachen.<br><active>EINMALIG, Aktiv:</active> Ein Getarnte aufdeckender Nebel hüllt einen gewählten Bereich 5 Sekunden lang ein und deckt gegnerische Champions, welche diesen betreten, 3 Sekunden lang auf (60 Sekunden Abklingzeit).', '', '', '2014-04-30 18:00:47', '2014-05-12 20:43:38', 3159);
INSERT INTO `items` (`id`, `item_id`, `name`, `name_de`, `description`, `description_de`, `plaintext`, `plaintext_de`, `created_at`, `updated_at`, `riot_id`) VALUES
(3160, 3160, 'Feral Flare', 'Wilde Fackel', '<stats>+12 Attack Damage<br>+30% Attack Speed</stats><br><br><unique>UNIQUE Passive - Maim:</unique> Basic attacks deal (25 + Feral stacks) bonus magic damage (300% against minions and monsters) and heal 10 Health on hit. Kills, assists and large monster kills grant a Feral stack.<br><unique>UNIQUE Passive:</unique> Gain 30% increased Gold from monsters.<br><active>UNIQUE Active:</active> Places a <font color=''#BBFFFF''>Stealth Ward</font> that reveals the surrounding area for 180 seconds (180 second cooldown).<br><br><groupLimit>Limited to 1 Gold Income item', '<stats>+12 Angriffsschaden<br>+30 % Angriffstempo</stats><br><br><unique>EINMALIG, Passiv - Verstümmeln:</unique> Normale Angriffe verursachen (25 + Steigerungen von Ungezähmt) zusätzlichen magischen Schaden (300 % gegen Vasallen und Monster) und heilen 10 Leben bei einem Treffer. Tötungen, Unterstützungen und Tötungen großer Monster gewähren eine Ungezähmt-Steigerung.<br><unique>EINMALIG, Passiv:</unique> 30 % erhöhter Goldgewinn von Monstern.<br><active>EINMALIG, Aktiv:</active> Platziert ein <font color=''#BBFFFF''>Getarntes Auge</font>, das die Umgebung 180 Sekunden aufdeckt (180 Sekunden Abklingzeit).<br><br><groupLimit>Auf 1 Goldertrag-Gegenstand begrenzt', '', '', '2014-04-30 18:00:47', '2014-05-12 20:43:38', 3160),
(3060, 3060, 'Banner of Command', 'Kommandobanner', '<stats>+80 Ability Power<br>+20% Cooldown Reduction</stats><br><br><aura>UNIQUE Aura - Valor:</aura> Nearby allied minions deal 15% increased damage.<br><active>UNIQUE Active - Promote:</active> Transforms a nearby siege minion into a more powerful unit and grants all gold that the unit earns (180 second cooldown).<br><br><i>(Unique Auras with the same name do not stack.)</i>', '<stats>+80 Fähigkeitsstärke<br>+20 % Abklingzeitverringerung</stats><br><br><aura>EINMALIG, Aura:</aura> Verbündete Vasallen in der Nähe verursachen um 15 % erhöhten Schaden.<br><active>EINMALIG, Aktiv - Befördern:</active> Verwandelt einen Belagerungsvasallen in der Nähe in eine mächtigere Einheit und gewährt das gesamte Gold, das diese Einheit verdient (180 Sekunden Abklingzeit).<br><br><i>(Einmalige Auren mit dem gleichen Namen wirken nicht kumulativ.)</i>', '', '', '2014-04-30 18:00:47', '2014-05-12 20:43:38', 3060),
(3165, 3165, 'Morellonomicon', 'Morellonomikon', '<stats>+75 Ability Power<br>+12 Mana Regen per 5 seconds<br>+20% Cooldown Reduction</stats><br><br><unique>UNIQUE Passive:</unique> Dealing magic damage to enemy champions below 40% Health inflicts Grievous Wounds for 4 seconds.<br><br><i>(Grievous Wounds reduces incoming healing and regeneration effects by 50%.)</i>', '<stats>+75 Fähigkeitsstärke<br>+12 Manaregeneration pro 5 Sekunden<br>+20 % Abklingzeitverringerung</stats><br><br><unique>EINMALIG, Passiv:</unique> Magischer Schaden an gegnerischen Champions mit weniger als 40 % Leben führt zu 4 Sekunden lang bestehen bleibenden Klaffenden Wunden.<br><br><i>(Klaffende Wunden verringern die erhaltene Heilung und Regeneration um 50 %.)</i>', '', '', '2014-04-30 18:00:47', '2014-05-12 20:43:38', 3165),
(3166, 3166, 'Bonetooth Necklace', 'Knochenzahn-Halskette', '<unique>UNIQUE Active - Bonetooth Totem:</unique> Places a Stealth Ward that lasts 60 seconds (120 Second cooldown). Active upgrades at 6 Trophies. <br><br><unique>UNIQUE Passive - Mementos of the Hunt:</unique> Rengar collects trophies when killing Champions and gains bonus effects based on how many trophies he has. Kills and assists grant 1 trophy.<br><br><passive>3 Trophies:</passive> Rengar gains 25 Movement Speed whilst out of combat or in brush. <br><passive>6 Trophies:</passive> Increases the range of Rengar''s Leap by 125.<br><passive>12 Trophies:</passive> Thrill of the Hunt''s duration is increased by 5 seconds.<br><passive>20 Trophies:</passive> Thrill of the Hunt''s Movement Speed while stealthed is doubled.', '<unique>EINMALIG, Passiv - Knochenzahn-Totem:</unique> Platziert ein Getarntes Auge, das 60 Sekunden andauert (120 Sekunden Abklingzeit). Aktive Aufwertungen bei 6 Trophäen.<br><br><unique>EINMALIG, Passiv - Andenken an die Jagd:</unique> Rengar sammelt Trophäen von getöteten Champions und erhält je nach Anzahl der gesammelten Trophäen zusätzliche Effekte. Tötungen und Unterstützungen gewähren 1 Trophäe.<br><br><passive>3 Trophäen:</passive> Rengar erhält 25 Lauftempo, wenn er nicht kämpft oder im hohen Gras ist.<br><passive>6 Trophäen:</passive> Die Reichweite von Rengars Sprung wird um 125 erhöht.<br><passive>12 Trophäen:</passive> Die Dauer von Jagdfieber wird um 5 Sekunden erhöht.<br><passive>20 Trophäen: </passive>Das Lauftempo von Jagdfieber während der Tarnung ist verdoppelt.', '', '', '2014-04-30 18:00:47', '2014-05-12 20:43:38', 3166),
(3167, 3167, 'Bonetooth Necklace', 'Knochenzahn-Halskette', '<unique>UNIQUE Active - Bonetooth Totem:</unique> Places a Stealth Ward that lasts 60 seconds (120 Second cooldown). Active upgrades at 6 Trophies.<br><br><unique>UNIQUE Passive - Mementos of the Hunt:</unique> Rengar collects trophies when killing Champions and gains bonus effects based on how many trophies he has. Kills and assists grant 1 trophy.<br><br><passive>3 Trophies:</passive> Rengar gains 25 Movement Speed whilst out of combat or in brush. <br><passive>6 Trophies:</passive> Increases the range of Rengar''s Leap by 125.<br><passive>12 Trophies:</passive> Thrill of the Hunt''s Movement Speed while stealthed is doubled.<br><passive>20 Trophies:</passive> Thrill of the Hunt''s Movement Speed while stealthed is doubled.', '<unique>EINMALIG, Passiv - Knochenzahn-Totem:</unique> Platziert ein Getarntes Auge, das 60 Sekunden andauert (120 Sekunden Abklingzeit). Aktive Aufwertungen bei 6 Trophäen.<br><br><unique>EINMALIG, Passiv - Andenken an die Jagd:</unique> Rengar sammelt Trophäen von getöteten Champions und erhält je nach Anzahl der gesammelten Trophäen zusätzliche Effekte. Tötungen und Unterstützungen gewähren 1 Trophäe.<br><br><passive>3 Trophäen:</passive> Rengar erhält 25 Lauftempo, wenn er nicht kämpft oder im hohen Gras ist.<br><passive>6 Trophäen:</passive> Die Reichweite von Rengars Sprung wird um 125 erhöht.<br><passive>12 Trophäen:</passive> Das Lauftempo von Jagdfieber während der Tarnung ist verdoppelt.<br><passive>20 Trophäen: </passive>Das Lauftempo von Jagdfieber während der Tarnung ist verdoppelt.', '', '', '2014-04-30 18:00:47', '2014-05-12 20:43:38', 3167),
(3065, 3065, 'Spirit Visage', 'Geistessicht', '<stats>+400 Health<br>+55 Magic Resist<br>+20 Health Regen per 5 seconds<br>+10% Cooldown Reduction</stats><br><br><unique>UNIQUE Passive:</unique> Increases self-healing, Health Regen, Lifesteal, and Spell Vamp effects by 20%.', '<stats>+400 Leben<br>+55 Magieresistenz<br>+20 Lebensregeneration alle 5 Sekunden<br>+10 % Abklingzeitverringerung</stats><br><br><unique>EINMALIG, Passiv:</unique> Erhöht die Selbstheilung, Lebensregenerationen, Lebensraub und Zaubervampireffekte um 20 %.', '', '', '2014-04-30 18:00:47', '2014-05-12 20:43:38', 3065),
(2037, 2037, 'Elixir of Fortitude', 'Elixier der Tapferkeit', '<consumable>Click to Consume:</consumable> Grants +120-235 Health based on level and +15 Attack Damage for 3 minutes.', '<consumable>Zum Verbrauchen klicken:</consumable> Gewährt 3 Minuten lang abhängig von der Stufe +120-235 Leben und +15 Angriffsschaden.', '', '', '2014-04-30 18:00:47', '2014-05-12 20:43:38', 2037),
(3067, 3067, 'Kindlegem', 'Zündjuwel', '<stats>+200 Health  </stats><br><br><unique>UNIQUE Passive:</unique> +10% Cooldown Reduction', '<stats>+200 Leben</stats><br><br><unique>EINMALIG, Passiv:</unique> +10% Abklingzeitverringerung', '', '', '2014-04-30 18:00:47', '2014-05-12 20:43:38', 3067),
(3068, 3068, 'Sunfire Cape', 'Sonnenfeuer-Umhang', '<stats>+450 Health<br>+45 Armor  </stats><br><br><unique>UNIQUE Passive:</unique> Deals 25 (+ character level) magic damage per second to nearby enemies.', '<stats>+450 Leben<br>+45 Rüstung</stats><br><br><unique>EINMALIG, Passiv:</unique> Verursacht 25 (+ Charakterstufe) magischen Schaden pro Sekunde an nahen Gegnern.', '', '', '2014-04-30 18:00:47', '2014-05-12 20:43:38', 3068),
(2039, 2039, 'Elixir of Brilliance', 'Elixier der Genialität', '<consumable>Click to Consume:</consumable> Grants +25-40 Ability Power based on level and +10% Cooldown Reduction for 3 minutes.', '<consumable>Zum Verbrauchen klicken:</consumable> Gewährt 3 Minuten lang abhängig von der Stufe +25-40 Fähigkeitsstärke und +10 % Abklingzeitverringerung.', '', '', '2014-04-30 18:00:47', '2014-05-12 20:43:38', 2039),
(3345, 3345, 'Soul Anchor (Trinket)', 'Seelenanker (Schmuck)', '<groupLimit>Limited to 1 Trinket.</groupLimit><br><br><unique>Active:</unique> Consumes a charge to instantly revive at your Summoner Platform and grants 125% Movement Speed that decays over 12 seconds.<br><br><i>Additional charges are gained at levels 9 and 14.</i><br><br><font color=''#BBFFFF''>(Max: 2 charges)</font></i><br><br>', '<groupLimit>Auf 1 Schmuck begrenzt</groupLimit><br><br><unique>Aktiv:</unique> Verbraucht eine Ladung, um sofort an deiner Beschwörerplattform wiederbelebt zu werden. Dir werden 125 % Lauftempo gewährt, das innerhalb von 12 Sekunden abklingt.<br><br><i>Zusätzliche Ladungen erhältst du auf Stufe 9 und 14.</i><br><br><font color=''#BBFFFF''>(Max: 2 Ladungen)</font></i><br><br>', '', '', '2014-05-12 20:43:37', '2014-05-12 20:43:37', 3345),
(3451, 3451, 'Bonetooth Necklace', 'Knochenzahn-Halskette', '<unique>UNIQUE Passive - Mementos of the Hunt:</unique> Rengar collects trophies when killing Champions and gains bonus effects based on how many trophies he has. Kills and assists grant 1 trophy.<br><br><passive>3 Trophies:</passive> Rengar gains 25 Movement Speed whilst out of combat or in brush. <br><passive>6 Trophies:</passive> Increases the range of Rengar''s Leap by 125.<br><passive>12 Trophies:</passive> Thrill of the Hunt''s duration is increased by 5 seconds.<br><passive>20 Trophies:</passive> Thrill of the Hunt''s Movement Speed while stealthed is doubled.', '<unique>EINMALIG, Passiv - Andenken an die Jagd:</unique> Rengar sammelt Trophäen von getöteten Champions und erhält je nach Anzahl der gesammelten Trophäen zusätzliche Effekte. Tötungen und Unterstützungen gewähren 1 Trophäe.<br><br><passive>3 Trophäen:</passive> 25 Lauftempo, wenn er nicht kämpft oder im hohen Gras ist.<br><passive>6 Trophäen:</passive> Die Reichweite von Rengars Sprung wird um 125 erhöht.<br><passive>12 Trophäen:</passive> Die Dauer von Jagdfieber wird um 5 Sekunden erhöht.<br><passive>20 Trophäen:</passive> Das Lauftempo von Jagdfieber während der Tarnung ist verdoppelt.', '', '', '2014-05-12 20:43:38', '2014-05-12 20:43:38', 3451),
(3450, 3450, 'Bonetooth Necklace', 'Knochenzahn-Halskette', '<unique>UNIQUE Passive - Mementos of the Hunt:</unique> Rengar collects trophies when killing Champions and gains bonus effects based on how many trophies he has. Kills and assists grant 1 trophy.<br><br><unique>Active:</unique> Consumes a charge to instantly revive at your Summoner Platform and grants 125% Movement Speed that decays over 12 seconds.<br><br><i>Additional charges are gained at levels 9 and 14.</i><br><br><font color=''#BBFFFF''>(Max: 2 charges)</font></i><br><passive>3 Trophies:</passive> Rengar gains 25 Movement Speed whilst out of combat or in brush. <br><passive>6 Trophies:</passive> Increases the range of Rengar''s Leap by 125.<br><passive>12 Trophies:</passive> Thrill of the Hunt''s duration is increased by 5 seconds.<br><passive>20 Trophies:</passive> Thrill of the Hunt''s Movement Speed while stealthed is doubled.', '<unique>EINMALIG, Passiv - Andenken an die Jagd:</unique> Rengar sammelt Trophäen von getöteten Champions und erhält je nach Anzahl der gesammelten Trophäen zusätzliche Effekte. Tötungen und Unterstützungen gewähren 1 Trophäe.<br><br><unique>Aktiv:</unique> Verbraucht eine Ladung, um deinen Champion sofort an deiner Beschwörerplattform wiederzubeleben, und erhöht 12 Sekunden lang dein Lauftempo um 125 %.<br><br><i>Auf Stufe 9 und 14 erhältst du zusätzliche Ladungen.</i><br><br><font color=''#BBFFFF''>(Max: 2 Ladungen)</font></i><br><passive>3 Trophäen:</passive> 25 Lauftempo, wenn er nicht kämpft oder im hohen Gras ist.<br><passive>6 Trophäen:</passive> Die Reichweite von Rengars Sprung wird um 125 erhöht.<br><passive>12 Trophäen:</passive> Die Dauer von Jagdfieber wird um 5 Sekunden erhöht.<br><passive>20 Trophäen:</passive> Das Lauftempo von Jagdfieber während der Tarnung ist verdoppelt.', '', '', '2014-05-12 20:43:38', '2014-05-12 20:43:38', 3450),
(3453, 3453, 'Bonetooth Necklace', 'Knochenzahn-Halskette', '<unique>UNIQUE Passive - Mementos of the Hunt:</unique> Rengar collects trophies when killing Champions and gains bonus effects based on how many trophies he has. Kills and assists grant 1 trophy.<br><br><passive>3 Trophies:</passive> Rengar gains 25 Movement Speed whilst out of combat or in brush. <br><passive>6 Trophies:</passive> Increases the range of Rengar''s Leap by 125.<br><passive>12 Trophies:</passive> Thrill of the Hunt''s duration is increased by 5 seconds.<br><passive>20 Trophies:</passive> Thrill of the Hunt''s Movement Speed while stealthed is doubled.', '<unique>EINMALIG, Passiv - Andenken an die Jagd:</unique> Rengar sammelt Trophäen von getöteten Champions und erhält je nach Anzahl der gesammelten Trophäen zusätzliche Effekte. Tötungen und Unterstützungen gewähren 1 Trophäe.<br><br><passive>3 Trophäen:</passive> 25 Lauftempo, wenn er nicht kämpft oder im hohen Gras ist.<br><passive>6 Trophäen:</passive> Die Reichweite von Rengars Sprung wird um 125 erhöht.<br><passive>12 Trophäen:</passive> Die Dauer von Jagdfieber wird um 5 Sekunden erhöht.<br><passive>20 Trophäen:</passive> Das Lauftempo von Jagdfieber während der Tarnung ist verdoppelt.', '', '', '2014-05-12 20:43:38', '2014-05-12 20:43:38', 3453),
(3452, 3452, 'Bonetooth Necklace', 'Knochenzahn-Halskette', '<unique>UNIQUE Passive - Mementos of the Hunt:</unique> Rengar collects trophies when killing Champions and gains bonus effects based on how many trophies he has. Kills and assists grant 1 trophy.<br><br><passive>3 Trophies:</passive> Rengar gains 25 Movement Speed whilst out of combat or in brush. <br><passive>6 Trophies:</passive> Increases the range of Rengar''s Leap by 125.<br><passive>12 Trophies:</passive> Thrill of the Hunt''s duration is increased by 5 seconds.<br><passive>20 Trophies:</passive> Thrill of the Hunt''s Movement Speed while stealthed is doubled.', '<unique>EINMALIG, Passiv - Andenken an die Jagd:</unique> Rengar sammelt Trophäen von getöteten Champions und erhält je nach Anzahl der gesammelten Trophäen zusätzliche Effekte. Tötungen und Unterstützungen gewähren 1 Trophäe.<br><br><passive>3 Trophäen:</passive> 25 Lauftempo, wenn er nicht kämpft oder im hohen Gras ist.<br><passive>6 Trophäen:</passive> Die Reichweite von Rengars Sprung wird um 125 erhöht.<br><passive>12 Trophäen:</passive> Die Dauer von Jagdfieber wird um 5 Sekunden erhöht.<br><passive>20 Trophäen:</passive> Das Lauftempo von Jagdfieber während der Tarnung ist verdoppelt.', '', '', '2014-05-12 20:43:38', '2014-05-12 20:43:38', 3452),
(3454, 3454, 'Bonetooth Necklace', 'Knochenzahn-Halskette', '<unique>UNIQUE Passive - Mementos of the Hunt:</unique> Rengar collects trophies when killing Champions and gains bonus effects based on how many trophies he has. Kills and assists grant 1 trophy.<br><br><passive>3 Trophies:</passive> Rengar gains 25 Movement Speed whilst out of combat or in brush. <br><passive>6 Trophies:</passive> Increases the range of Rengar''s Leap by 125.<br><passive>12 Trophies:</passive> Thrill of the Hunt''s duration is increased by 5 seconds.<br><passive>20 Trophies:</passive> Thrill of the Hunt''s Movement Speed while stealthed is doubled.', '<unique>EINMALIG, Passiv - Andenken an die Jagd:</unique> Rengar sammelt Trophäen von getöteten Champions und erhält je nach Anzahl der gesammelten Trophäen zusätzliche Effekte. Tötungen und Unterstützungen gewähren 1 Trophäe.<br><br><passive>3 Trophäen:</passive> 25 Lauftempo, wenn er nicht kämpft oder im hohen Gras ist.<br><passive>6 Trophäen:</passive> Die Reichweite von Rengars Sprung wird um 125 erhöht.<br><passive>12 Trophäen:</passive> Die Dauer von Jagdfieber wird um 5 Sekunden erhöht.<br><passive>20 Trophäen:</passive> Das Lauftempo von Jagdfieber während der Tarnung ist verdoppelt.', '', '', '2014-05-12 20:43:38', '2014-05-12 20:43:38', 3454),
(3455, 3455, 'Head of Kha''Zix', 'Kopf von Kha''Zix', '<unique>UNIQUE Passive - Mementos of the Hunt:</unique> Rengar collects trophies when killing Champions and gains bonus effects based on how many trophies he has. Kills and assists grant 1 trophy.<br><br><passive>3 Trophies:</passive> Rengar gains 25 Movement Speed whilst out of combat or in brush. <br><passive>6 Trophies:</passive> Increases the range of Rengar''s Leap by 125.<br><passive>12 Trophies:</passive> Thrill of the Hunt''s duration is increased by 5 seconds.<br><passive>20 Trophies:</passive> Thrill of the Hunt''s Movement Speed while stealthed is doubled.', '<unique>EINMALIG, Passiv - Andenken an die Jagd:</unique> Rengar sammelt Trophäen von getöteten Champions und erhält je nach Anzahl der gesammelten Trophäen zusätzliche Effekte. Tötungen und Unterstützungen gewähren 1 Trophäe.<br><br><passive>3 Trophäen:</passive> 25 Lauftempo, wenn er nicht kämpft oder im hohen Gras ist.<br><passive>6 Trophäen:</passive> Die Reichweite von Rengars Sprung wird um 125 erhöht.<br><passive>12 Trophäen:</passive> Die Dauer von Jagdfieber wird um 5 Sekunden erhöht.<br><passive>20 Trophäen:</passive> Das Lauftempo von Jagdfieber während der Tarnung ist verdoppelt.', '', '', '2014-05-12 20:43:38', '2014-05-12 20:43:38', 3455);

-- --------------------------------------------------------

--
-- Tabellenstruktur für Tabelle `ladders`
--

CREATE TABLE IF NOT EXISTS `ladders` (
  `id` int(10) unsigned NOT NULL AUTO_INCREMENT,
  `user_id` int(11) NOT NULL,
  `rang` int(11) NOT NULL DEFAULT '0',
  `year` int(11) NOT NULL DEFAULT '2014',
  `month` int(11) NOT NULL DEFAULT '4',
  `month_exp` int(11) NOT NULL DEFAULT '0',
  `created_at` timestamp NOT NULL DEFAULT '0000-00-00 00:00:00',
  `updated_at` timestamp NOT NULL DEFAULT '0000-00-00 00:00:00',
  `total_quests` int(11) NOT NULL,
  PRIMARY KEY (`id`)
) ENGINE=MyISAM  DEFAULT CHARSET=utf8 COLLATE=utf8_unicode_ci AUTO_INCREMENT=26 ;

--
-- Daten für Tabelle `ladders`
--

INSERT INTO `ladders` (`id`, `user_id`, `rang`, `year`, `month`, `month_exp`, `created_at`, `updated_at`, `total_quests`) VALUES
(5, 3, 1, 2014, 4, 500, '2014-04-28 14:43:12', '2014-04-30 06:33:17', 5),
(11, 21, 2, 2014, 4, 400, '2014-04-29 21:49:59', '2014-04-30 06:33:17', 4),
(25, 29, 4, 2014, 5, 100, '2014-05-15 19:15:07', '2014-05-18 09:15:05', 1),
(24, 20, 1, 2014, 5, 1200, '2014-05-05 18:39:30', '2014-05-18 09:15:05', 8),
(23, 3, 2, 2014, 5, 900, '2014-05-02 06:46:01', '2014-05-18 09:15:05', 9),
(22, 21, 3, 2014, 5, 200, '2014-05-02 06:46:01', '2014-05-18 09:15:05', 2);

-- --------------------------------------------------------

--
-- Tabellenstruktur für Tabelle `levels`
--

CREATE TABLE IF NOT EXISTS `levels` (
  `id` int(10) unsigned NOT NULL AUTO_INCREMENT,
  `exp` int(11) NOT NULL DEFAULT '0',
  `created_at` timestamp NOT NULL DEFAULT '0000-00-00 00:00:00',
  `updated_at` timestamp NOT NULL DEFAULT '0000-00-00 00:00:00',
  `exp_level` int(11) NOT NULL DEFAULT '0',
  PRIMARY KEY (`id`)
) ENGINE=MyISAM  DEFAULT CHARSET=utf8 COLLATE=utf8_unicode_ci AUTO_INCREMENT=2782086 ;

--
-- Daten für Tabelle `levels`
--

INSERT INTO `levels` (`id`, `exp`, `created_at`, `updated_at`, `exp_level`) VALUES
(1, 0, '0000-00-00 00:00:00', '0000-00-00 00:00:00', 250),
(2, 250, '0000-00-00 00:00:00', '2014-05-13 18:55:59', 550),
(3, 550, '0000-00-00 00:00:00', '2014-05-13 18:55:59', 900),
(4, 900, '0000-00-00 00:00:00', '2014-05-13 18:55:59', 1325),
(5, 1325, '0000-00-00 00:00:00', '2014-05-13 18:55:59', 1825),
(6, 1825, '0000-00-00 00:00:00', '2014-05-13 18:55:59', 2425),
(7, 2425, '0000-00-00 00:00:00', '2014-05-13 18:55:59', 3150),
(8, 3150, '0000-00-00 00:00:00', '2014-05-13 18:55:59', 4025),
(9, 4025, '0000-00-00 00:00:00', '2014-05-13 18:55:59', 5075),
(10, 5075, '0000-00-00 00:00:00', '2014-05-13 18:55:59', 6325),
(11, 6325, '0000-00-00 00:00:00', '2014-05-13 18:55:59', 7825),
(12, 7825, '0000-00-00 00:00:00', '2014-05-13 18:55:59', 9475),
(13, 9475, '0000-00-00 00:00:00', '2014-05-13 18:55:59', 11300),
(14, 11300, '0000-00-00 00:00:00', '2014-05-13 18:55:59', 13300),
(15, 13300, '0000-00-00 00:00:00', '2014-05-13 18:55:59', 15500),
(16, 15500, '0000-00-00 00:00:00', '2014-05-13 18:55:59', 17925),
(17, 17925, '0000-00-00 00:00:00', '2014-05-13 18:55:59', 20600),
(18, 20600, '0000-00-00 00:00:00', '2014-05-13 18:56:00', 23550),
(19, 23550, '0000-00-00 00:00:00', '2014-05-13 18:56:00', 26800),
(20, 26800, '0000-00-00 00:00:00', '2014-05-13 18:56:00', 30375),
(21, 30375, '0000-00-00 00:00:00', '2014-05-13 18:56:00', 34300),
(22, 34300, '0000-00-00 00:00:00', '2014-05-13 18:56:00', 38625),
(23, 38625, '0000-00-00 00:00:00', '2014-05-13 18:56:00', 43375),
(24, 43375, '0000-00-00 00:00:00', '2014-05-13 18:56:00', 48600),
(25, 48600, '0000-00-00 00:00:00', '2014-05-13 18:56:00', 54350),
(26, 54350, '0000-00-00 00:00:00', '2014-05-13 18:56:00', 60675),
(27, 60675, '0000-00-00 00:00:00', '2014-05-13 18:56:00', 67625),
(28, 67625, '0000-00-00 00:00:00', '2014-05-13 18:56:00', 75275),
(29, 75275, '0000-00-00 00:00:00', '2014-05-13 18:56:00', 83700),
(30, 83700, '0000-00-00 00:00:00', '2014-05-13 18:56:00', 92975),
(31, 92975, '0000-00-00 00:00:00', '2014-05-13 18:56:00', 103175),
(32, 103175, '0000-00-00 00:00:00', '2014-05-13 18:56:00', 114400),
(33, 114400, '0000-00-00 00:00:00', '2014-05-13 18:56:00', 126750),
(34, 126750, '0000-00-00 00:00:00', '2014-05-13 18:56:00', 140325),
(35, 140325, '0000-00-00 00:00:00', '2014-05-13 18:56:00', 155250),
(36, 155250, '0000-00-00 00:00:00', '2014-05-13 18:56:00', 171675),
(37, 171675, '0000-00-00 00:00:00', '2014-05-13 18:56:00', 189750),
(38, 189750, '0000-00-00 00:00:00', '2014-05-13 18:56:00', 209625),
(39, 209625, '0000-00-00 00:00:00', '2014-05-13 18:56:00', 231500),
(40, 231500, '0000-00-00 00:00:00', '2014-05-13 18:56:00', 255575),
(41, 255575, '0000-00-00 00:00:00', '2014-05-13 18:56:00', 282050),
(42, 282050, '0000-00-00 00:00:00', '2014-05-13 18:56:00', 311175),
(43, 311175, '0000-00-00 00:00:00', '2014-05-13 18:56:00', 343225),
(44, 343225, '0000-00-00 00:00:00', '2014-05-13 18:56:00', 378475),
(45, 378475, '0000-00-00 00:00:00', '2014-05-13 18:56:00', 417250),
(46, 417250, '0000-00-00 00:00:00', '2014-05-13 18:56:00', 459900),
(47, 459900, '0000-00-00 00:00:00', '2014-05-13 18:56:00', 506825),
(48, 506825, '0000-00-00 00:00:00', '2014-05-13 18:56:00', 558450),
(49, 558450, '0000-00-00 00:00:00', '2014-05-13 18:56:00', 615250),
(50, 615250, '0000-00-00 00:00:00', '2014-05-13 18:56:00', 677725);

-- --------------------------------------------------------

--
-- Tabellenstruktur für Tabelle `migrations`
--

CREATE TABLE IF NOT EXISTS `migrations` (
  `migration` varchar(255) COLLATE utf8_unicode_ci NOT NULL,
  `batch` int(11) NOT NULL
) ENGINE=MyISAM DEFAULT CHARSET=utf8 COLLATE=utf8_unicode_ci;

--
-- Daten für Tabelle `migrations`
--

INSERT INTO `migrations` (`migration`, `batch`) VALUES
('2014_04_17_065727_create_users_table', 1),
('2014_04_17_092015_add_remember_to_user', 2),
('2013_04_08_175033_create_roles_table', 3),
('2013_04_08_175107_create_permissions_table', 3),
('2013_04_08_175152_create_role_user_table', 3),
('2014_04_22_063811_create_summoners_table', 4),
('2014_04_22_084628_add_SummonerStatus_to_users', 5),
('2014_04_22_111141_add_verifyString_to_users', 6),
('2014_04_22_202324_create_games_table', 7),
('2014_04_24_101715_create_notifications_table', 8),
('2014_04_24_194307_create_friend_user_table', 9),
('2014_04_25_070944_create_champions_table', 10),
('2014_04_25_090628_create_quests_table', 11),
('2014_04_25_091506_create_questtypes_table', 12),
('2014_04_25_130841_add_exp_to_questtype', 13),
('2014_04_25_164026_add_qp_to_users', 14),
('2014_04_25_182739_create_levels_table', 15),
('2014_04_25_183208_add_level_to_users_table', 15),
('2014_04_28_072622_add_quest_slot_to_quests', 16),
('2014_04_28_090814_add_rerolls_to_users', 17),
('2014_04_28_092428_add_createDate_to_quests', 18),
('2014_04_28_135714_create_ladders', 19),
('2014_04_28_141929_add_total_quests_to_ladders', 20),
('2014_04_29_142416_add_last_checked_to_users', 21),
('2014_04_30_114656_create_items_table', 22),
('2014_04_30_132329_create_game_item_table', 23),
('2014_04_30_172306_add_riot_id_to_items', 24),
('2014_04_30_183409_add_validate_to_friend_user_table', 25),
('2014_05_02_081600_create_products_table', 26),
('2014_05_02_130130_add_daily_to_quests', 27),
('2014_05_02_133148_create_dailies_table', 28),
('2014_05_02_133437_create_rename_quest_id_to_champion_id', 29),
('2014_05_05_073143_create_achievements_table', 30),
('2014_05_05_074518_create_achievement_user_table', 30),
('2014_05_05_151130_add_type_to_achievements_table', 31),
('2014_05_07_181545_add_exp_level_to_levels_table', 32),
('2014_05_08_093600_add_playerRole_to_questtype', 33),
('2014_05_08_093934_create_playerroles_table', 33),
('2014_05_08_110136_add_dailyDone_to_users', 34),
('2014_05_15_182723_add_key_to_champions', 35);

-- --------------------------------------------------------

--
-- Tabellenstruktur für Tabelle `notifications`
--

CREATE TABLE IF NOT EXISTS `notifications` (
  `id` int(10) unsigned NOT NULL AUTO_INCREMENT,
  `user_id` int(11) NOT NULL,
  `seen` int(11) NOT NULL,
  `type` int(11) NOT NULL,
  `message` text COLLATE utf8_unicode_ci NOT NULL,
  `created_at` timestamp NOT NULL DEFAULT '0000-00-00 00:00:00',
  `updated_at` timestamp NOT NULL DEFAULT '0000-00-00 00:00:00',
  PRIMARY KEY (`id`)
) ENGINE=MyISAM  DEFAULT CHARSET=utf8 COLLATE=utf8_unicode_ci AUTO_INCREMENT=3 ;

--
-- Daten für Tabelle `notifications`
--

INSERT INTO `notifications` (`id`, `user_id`, `seen`, `type`, `message`, `created_at`, `updated_at`) VALUES
(1, 3, 0, 1, '<strong>Congratulations!</strong><br/>\r\nYou have finished the Quest "Name der Quest" and earned 200exp + 10 QP.', '0000-00-00 00:00:00', '0000-00-00 00:00:00'),
(2, 3, 0, 1, 'test', '0000-00-00 00:00:00', '0000-00-00 00:00:00');

-- --------------------------------------------------------

--
-- Tabellenstruktur für Tabelle `permissions`
--

CREATE TABLE IF NOT EXISTS `permissions` (
  `id` int(10) unsigned NOT NULL AUTO_INCREMENT,
  `user_id` int(11) NOT NULL,
  `type` varchar(255) COLLATE utf8_unicode_ci NOT NULL,
  `action` varchar(255) COLLATE utf8_unicode_ci NOT NULL,
  `resource` varchar(255) COLLATE utf8_unicode_ci NOT NULL,
  `created_at` timestamp NOT NULL DEFAULT '0000-00-00 00:00:00',
  `updated_at` timestamp NOT NULL DEFAULT '0000-00-00 00:00:00',
  PRIMARY KEY (`id`),
  KEY `permissions_user_id_index` (`user_id`)
) ENGINE=MyISAM DEFAULT CHARSET=utf8 COLLATE=utf8_unicode_ci AUTO_INCREMENT=1 ;

--
-- Daten für Tabelle `permissions`
--


-- --------------------------------------------------------

--
-- Tabellenstruktur für Tabelle `playerroles`
--

CREATE TABLE IF NOT EXISTS `playerroles` (
  `id` int(10) unsigned NOT NULL AUTO_INCREMENT,
  `name` varchar(255) COLLATE utf8_unicode_ci NOT NULL,
  `created_at` timestamp NOT NULL DEFAULT '0000-00-00 00:00:00',
  `updated_at` timestamp NOT NULL DEFAULT '0000-00-00 00:00:00',
  PRIMARY KEY (`id`)
) ENGINE=MyISAM  DEFAULT CHARSET=utf8 COLLATE=utf8_unicode_ci AUTO_INCREMENT=6 ;

--
-- Daten für Tabelle `playerroles`
--

INSERT INTO `playerroles` (`id`, `name`, `created_at`, `updated_at`) VALUES
(1, 'Top', '0000-00-00 00:00:00', '0000-00-00 00:00:00'),
(2, 'Jungle', '0000-00-00 00:00:00', '0000-00-00 00:00:00'),
(3, 'Mid', '0000-00-00 00:00:00', '0000-00-00 00:00:00'),
(4, 'Marksman', '0000-00-00 00:00:00', '0000-00-00 00:00:00'),
(5, 'Support', '0000-00-00 00:00:00', '0000-00-00 00:00:00');

-- --------------------------------------------------------

--
-- Tabellenstruktur für Tabelle `products`
--

CREATE TABLE IF NOT EXISTS `products` (
  `id` int(10) unsigned NOT NULL AUTO_INCREMENT,
  `name` varchar(255) COLLATE utf8_unicode_ci NOT NULL,
  `name_de` varchar(255) COLLATE utf8_unicode_ci NOT NULL,
  `cat_id` int(11) NOT NULL,
  `price_qp` int(11) NOT NULL,
  `description` text COLLATE utf8_unicode_ci NOT NULL,
  `description_de` text COLLATE utf8_unicode_ci NOT NULL,
  `created_at` timestamp NOT NULL DEFAULT '0000-00-00 00:00:00',
  `updated_at` timestamp NOT NULL DEFAULT '0000-00-00 00:00:00',
  PRIMARY KEY (`id`)
) ENGINE=MyISAM  DEFAULT CHARSET=utf8 COLLATE=utf8_unicode_ci AUTO_INCREMENT=6 ;

--
-- Daten für Tabelle `products`
--

INSERT INTO `products` (`id`, `name`, `name_de`, `cat_id`, `price_qp`, `description`, `description_de`, `created_at`, `updated_at`) VALUES
(1, 'Quest Slot', 'Quest Slot', 1, 200, 'Get another slot for your quests.', 'Hol dir einen weiteren Quest Slot.', '0000-00-00 00:00:00', '0000-00-00 00:00:00'),
(2, 'Product 2', 'Produkt 2', 1, 500, 'Lorem ipsum dolor sit amet, consetetur sadipscing elitr, sed diam nonumy', 'Lorem ipsum dolor sit amet, consetetur sadipscing elitr, sed diam nonumy', '0000-00-00 00:00:00', '0000-00-00 00:00:00'),
(3, 'Product 3', 'Produkt 3', 1, 750, 'Lorem ipsum dolor sit amet, consetetur sadipscing elitr, sed diam nonumy', 'Lorem ipsum dolor sit amet, consetetur sadipscing elitr, sed diam nonumy', '0000-00-00 00:00:00', '0000-00-00 00:00:00'),
(4, 'Buy 1000 QP', 'Kaufe 1000 QP', 2, 1200, 'Lorem ipsum dolor sit amet, consetetur sadipscing elitr, sed diam nonumy', 'Lorem ipsum dolor sit amet, consetetur sadipscing elitr, sed diam nonumy', '0000-00-00 00:00:00', '0000-00-00 00:00:00'),
(5, 'Buy 2500 QP', 'Kaufe 2500 QP', 2, 6000, 'Lorem ipsum dolor sit amet, consetetur sadipscing elitr, sed diam nonumy', 'Lorem ipsum dolor sit amet, consetetur sadipscing elitr, sed diam nonumy', '0000-00-00 00:00:00', '0000-00-00 00:00:00');

-- --------------------------------------------------------

--
-- Tabellenstruktur für Tabelle `quests`
--

CREATE TABLE IF NOT EXISTS `quests` (
  `id` int(11) NOT NULL AUTO_INCREMENT,
  `user_id` int(11) NOT NULL,
  `type_id` int(11) NOT NULL,
  `champion_id` int(11) NOT NULL,
  `exp` int(11) NOT NULL,
  `qp` int(11) NOT NULL,
  `finished` int(11) NOT NULL DEFAULT '0',
  `quest_slot` varchar(255) NOT NULL,
  `createDate` bigint(20) NOT NULL,
  `created_at` timestamp NOT NULL DEFAULT CURRENT_TIMESTAMP ON UPDATE CURRENT_TIMESTAMP,
  `updated_at` timestamp NOT NULL DEFAULT '0000-00-00 00:00:00',
  `daily` int(11) NOT NULL DEFAULT '0',
  PRIMARY KEY (`id`)
) ENGINE=MyISAM  DEFAULT CHARSET=latin1 AUTO_INCREMENT=77 ;

--
-- Daten für Tabelle `quests`
--

INSERT INTO `quests` (`id`, `user_id`, `type_id`, `champion_id`, `exp`, `qp`, `finished`, `quest_slot`, `createDate`, `created_at`, `updated_at`, `daily`) VALUES
(19, 3, 6, 222, 100, 0, 1, 'choose', 1399316710000, '2014-05-05 22:30:33', '2014-05-05 20:30:33', 0),
(2, 21, 2, 412, 100, 0, 0, 'choose', 1398946850000, '2014-05-01 19:13:29', '2014-05-01 17:13:29', 0),
(3, 21, 4, 412, 100, 0, 1, 'choose', 1398946882000, '2014-05-01 17:23:47', '2014-05-01 15:23:47', 0),
(4, 3, 5, 77, 100, 0, 1, 'choose', 1398948523000, '2014-05-01 19:02:43', '2014-05-01 17:02:43', 0),
(5, 20, 5, 102, 100, 0, 1, 'choose', 1398964410000, '2014-05-06 15:31:21', '2014-05-01 17:13:30', 0),
(6, 3, 5, 105, 100, 0, 1, 'choose', 1398964412000, '2014-05-01 19:43:19', '2014-05-01 17:43:19', 0),
(7, 20, 7, 122, 100, 0, 1, 'choose', 1398964415000, '2014-05-05 20:39:21', '2014-05-01 17:13:35', 0),
(8, 21, 5, 43, 100, 0, 1, 'choose', 1398964419000, '2014-05-01 19:43:47', '2014-05-01 17:43:47', 0),
(9, 21, 1, 222, 100, 0, 0, 'choose', 1398966687000, '2014-05-01 17:51:27', '2014-05-01 17:51:27', 0),
(20, 3, 1, 99, 100, 0, 1, 'choose', 1399321840000, '2014-05-05 22:40:36', '2014-05-05 20:40:36', 0),
(21, 20, 6, 102, 100, 0, 1, 'choose', 1399322064000, '2014-05-05 22:51:33', '2014-05-05 20:51:33', 0),
(43, 3, 2, 81, 100, 0, 1, 'choose', 1399660626000, '2014-05-09 20:40:28', '2014-05-09 18:40:28', 0),
(25, 20, 3, 58, 100, 0, 1, 'choose', 1399362934000, '2014-05-06 15:31:48', '2014-05-06 07:55:34', 0),
(26, 20, 6, 58, 500, 0, 1, 'choose', 1399383745000, '2014-05-06 16:39:16', '2014-05-06 14:39:16', 1),
(27, 20, 4, 58, 100, 0, 1, 'choose', 1399384776000, '2014-05-06 16:39:03', '2014-05-06 14:39:03', 0),
(47, 3, 2, 238, 100, 0, 1, 'choose', 1399677817000, '2014-05-10 02:10:29', '2014-05-10 00:10:29', 0),
(31, 20, 1, 36, 100, 0, 1, 'choose', 1399491318000, '2014-05-07 21:57:56', '2014-05-07 19:57:56', 0),
(32, 20, 1, 36, 100, 0, 1, 'choose', 1399491326000, '2014-05-07 21:58:05', '2014-05-07 19:58:05', 0),
(70, 20, 3, 25, 100, 0, 0, 'choose', 1400185630000, '2014-05-15 20:27:10', '2014-05-15 20:27:10', 0),
(71, 20, 5, 25, 100, 0, 0, 'choose', 1400185643000, '2014-05-15 20:27:23', '2014-05-15 20:27:23', 0),
(46, 3, 6, 222, 100, 0, 1, 'choose', 1399677631000, '2014-05-12 22:48:26', '2014-05-12 20:48:26', 0),
(72, 3, 3, 32, 100, 0, 1, 'choose', 1400272692000, '2014-05-16 23:13:16', '2014-05-16 21:13:16', 0),
(51, 27, 8, 25, 100, 0, 0, 'choose', 1399980949000, '2014-05-13 11:35:49', '2014-05-13 11:35:49', 0),
(66, 29, 8, 222, 100, 0, 0, 'choose', 1400176602000, '2014-05-15 17:56:42', '2014-05-15 17:56:42', 0),
(67, 29, 3, 222, 100, 0, 1, 'choose', 1400176633000, '2014-05-15 20:39:35', '2014-05-15 18:39:35', 0),
(76, 3, 6, 5, 100, 0, 0, 'choose', 1400403707000, '2014-05-18 09:01:47', '2014-05-18 09:01:47', 0),
(69, 3, 1, 80, 100, 0, 1, 'choose', 1400185460000, '2014-05-16 23:14:26', '2014-05-16 21:14:26', 0),
(73, 3, 5, 61, 100, 0, 0, 'choose', 1400275344000, '2014-05-16 21:22:24', '2014-05-16 21:22:24', 0),
(74, 3, 3, 24, 100, 0, 0, 'choose', 1400279411000, '2014-05-16 22:30:11', '2014-05-16 22:30:11', 0);

-- --------------------------------------------------------

--
-- Tabellenstruktur für Tabelle `questtypes`
--

CREATE TABLE IF NOT EXISTS `questtypes` (
  `id` int(10) unsigned NOT NULL AUTO_INCREMENT,
  `name` varchar(255) COLLATE utf8_unicode_ci NOT NULL,
  `description` text COLLATE utf8_unicode_ci NOT NULL,
  `premium` int(11) NOT NULL DEFAULT '0',
  `created_at` timestamp NOT NULL DEFAULT '0000-00-00 00:00:00',
  `updated_at` timestamp NOT NULL DEFAULT '0000-00-00 00:00:00',
  `exp` int(11) NOT NULL,
  `qp` int(11) NOT NULL,
  `playerrole_id` int(11) NOT NULL DEFAULT '0',
  PRIMARY KEY (`id`)
) ENGINE=MyISAM  DEFAULT CHARSET=utf8 COLLATE=utf8_unicode_ci AUTO_INCREMENT=9 ;

--
-- Daten für Tabelle `questtypes`
--

INSERT INTO `questtypes` (`id`, `name`, `description`, `premium`, `created_at`, `updated_at`, `exp`, `qp`, `playerrole_id`) VALUES
(1, 'The Player', 'Play a game with this Champion.', 0, '0000-00-00 00:00:00', '0000-00-00 00:00:00', 100, 10, 0),
(2, 'Be a winner', 'Win a game with this Champion.', 0, '0000-00-00 00:00:00', '0000-00-00 00:00:00', 150, 15, 0),
(3, 'KDA Monster', 'Get at least a KDA from 3.0', 0, '0000-00-00 00:00:00', '0000-00-00 00:00:00', 250, 25, 0),
(4, 'Warden', 'Place at least 15 wards', 0, '0000-00-00 00:00:00', '0000-00-00 00:00:00', 150, 15, 5),
(5, 'Hitman', 'Get at least 6 Kills on Summoners Rift.', 0, '0000-00-00 00:00:00', '0000-00-00 00:00:00', 250, 25, 0),
(6, 'Slayer', 'Kill 200 or more Minions in one game', 0, '0000-00-00 00:00:00', '0000-00-00 00:00:00', 200, 20, 0),
(7, 'Jungler', 'Take Smite get at least 50 Neutral Minions', 0, '0000-00-00 00:00:00', '0000-00-00 00:00:00', 250, 25, 2),
(8, 'Don''t die!', 'Play a game with 0 death on Summoners Rift.', 0, '0000-00-00 00:00:00', '0000-00-00 00:00:00', 250, 25, 0);

-- --------------------------------------------------------

--
-- Tabellenstruktur für Tabelle `roles`
--

CREATE TABLE IF NOT EXISTS `roles` (
  `id` int(10) unsigned NOT NULL AUTO_INCREMENT,
  `name` varchar(255) COLLATE utf8_unicode_ci NOT NULL,
  `created_at` timestamp NOT NULL DEFAULT '0000-00-00 00:00:00',
  `updated_at` timestamp NOT NULL DEFAULT '0000-00-00 00:00:00',
  PRIMARY KEY (`id`)
) ENGINE=MyISAM  DEFAULT CHARSET=utf8 COLLATE=utf8_unicode_ci AUTO_INCREMENT=6 ;

--
-- Daten für Tabelle `roles`
--

INSERT INTO `roles` (`id`, `name`, `created_at`, `updated_at`) VALUES
(1, 'admin', '0000-00-00 00:00:00', '0000-00-00 00:00:00'),
(2, 'moderator', '0000-00-00 00:00:00', '0000-00-00 00:00:00'),
(3, 'member', '0000-00-00 00:00:00', '0000-00-00 00:00:00'),
(4, 'locked', '0000-00-00 00:00:00', '0000-00-00 00:00:00'),
(5, 'banned', '0000-00-00 00:00:00', '0000-00-00 00:00:00');

-- --------------------------------------------------------

--
-- Tabellenstruktur für Tabelle `role_user`
--

CREATE TABLE IF NOT EXISTS `role_user` (
  `id` int(10) unsigned NOT NULL AUTO_INCREMENT,
  `role_id` int(10) unsigned NOT NULL,
  `user_id` int(10) unsigned NOT NULL,
  PRIMARY KEY (`id`)
) ENGINE=MyISAM  DEFAULT CHARSET=utf8 COLLATE=utf8_unicode_ci AUTO_INCREMENT=28 ;

--
-- Daten für Tabelle `role_user`
--

INSERT INTO `role_user` (`id`, `role_id`, `user_id`) VALUES
(1, 1, 3),
(10, 3, 14),
(9, 3, 13),
(8, 3, 12),
(7, 3, 10),
(11, 3, 15),
(12, 3, 16),
(13, 3, 17),
(14, 3, 18),
(15, 3, 19),
(21, 3, 23),
(20, 3, 22),
(19, 3, 21),
(22, 3, 24),
(23, 3, 25),
(24, 3, 26),
(25, 3, 27),
(26, 3, 28),
(27, 3, 29);

-- --------------------------------------------------------

--
-- Tabellenstruktur für Tabelle `summoners`
--

CREATE TABLE IF NOT EXISTS `summoners` (
  `id` int(10) unsigned NOT NULL AUTO_INCREMENT,
  `user_id` int(11) NOT NULL,
  `summonerid` int(11) NOT NULL,
  `name` varchar(255) COLLATE utf8_unicode_ci NOT NULL,
  `profileIconId` int(11) NOT NULL,
  `summonerLevel` int(11) NOT NULL,
  `revisionDate` int(11) NOT NULL,
  `created_at` timestamp NOT NULL DEFAULT '0000-00-00 00:00:00',
  `updated_at` timestamp NOT NULL DEFAULT '0000-00-00 00:00:00',
  PRIMARY KEY (`id`)
) ENGINE=MyISAM  DEFAULT CHARSET=utf8 COLLATE=utf8_unicode_ci AUTO_INCREMENT=18 ;

--
-- Daten für Tabelle `summoners`
--

INSERT INTO `summoners` (`id`, `user_id`, `summonerid`, `name`, `profileIconId`, `summonerLevel`, `revisionDate`, `created_at`, `updated_at`) VALUES
(11, 21, 29319960, 'sqeeeeze', 579, 30, 2147483647, '2014-04-27 13:34:05', '2014-04-27 13:34:05'),
(3, 3, 20986542, 'heyitsmark', 654, 30, 2147483647, '2014-04-22 10:00:22', '2014-04-22 11:25:41'),
(9, 19, 29319960, 'sqeeeeze', 589, 30, 2147483647, '2014-04-23 07:00:41', '2014-04-23 07:00:41'),
(8, 18, 29934730, 'Voltaira', 575, 30, 2147483647, '2014-04-22 14:07:56', '2014-04-23 20:54:07'),
(10, 20, 20990714, 'sualk', 546, 30, 2147483647, '2014-04-23 20:50:53', '2014-04-23 20:50:53'),
(13, 24, 50278309, 'xdunkelzifferx', 24, 8, 2147483647, '2014-05-11 17:35:17', '2014-05-11 17:35:17'),
(14, 26, 46878672, 'Testperson', 552, 30, 2147483647, '2014-05-11 20:26:09', '2014-05-11 20:26:09'),
(15, 27, 50278309, 'xdunkelzifferx', 24, 8, 2147483647, '2014-05-13 11:34:39', '2014-05-13 11:34:39'),
(16, 28, 31407252, 'MasSTa', 9, 7, 2147483647, '2014-05-13 13:39:35', '2014-05-13 13:39:35'),
(17, 29, 29430180, 'BioOrganicWolf', 663, 30, 2147483647, '2014-05-14 20:03:37', '2014-05-14 20:03:37');

-- --------------------------------------------------------

--
-- Tabellenstruktur für Tabelle `users`
--

CREATE TABLE IF NOT EXISTS `users` (
  `id` int(10) unsigned NOT NULL AUTO_INCREMENT,
  `name` varchar(255) COLLATE utf8_unicode_ci NOT NULL,
  `email` varchar(255) COLLATE utf8_unicode_ci NOT NULL,
  `password` varchar(255) COLLATE utf8_unicode_ci NOT NULL,
  `summoner_name` varchar(255) COLLATE utf8_unicode_ci NOT NULL,
  `region` varchar(255) COLLATE utf8_unicode_ci NOT NULL,
  `created_at` timestamp NOT NULL DEFAULT '0000-00-00 00:00:00',
  `updated_at` timestamp NOT NULL DEFAULT '0000-00-00 00:00:00',
  `remember_token` varchar(255) COLLATE utf8_unicode_ci NOT NULL,
  `summoner_status` int(11) NOT NULL DEFAULT '0',
  `verify_string` varchar(255) COLLATE utf8_unicode_ci NOT NULL,
  `exp` int(11) NOT NULL DEFAULT '0',
  `qp` int(11) NOT NULL DEFAULT '0',
  `premium` int(11) NOT NULL DEFAULT '0',
  `level_id` int(11) NOT NULL DEFAULT '1',
  `quest_slots` int(11) NOT NULL DEFAULT '2',
  `rerolls` int(11) NOT NULL DEFAULT '2',
  `last_checked` bigint(20) NOT NULL DEFAULT '0',
  `daily_done` int(11) NOT NULL DEFAULT '0',
  PRIMARY KEY (`id`)
) ENGINE=MyISAM  DEFAULT CHARSET=utf8 COLLATE=utf8_unicode_ci AUTO_INCREMENT=30 ;

--
-- Daten für Tabelle `users`
--

INSERT INTO `users` (`id`, `name`, `email`, `password`, `summoner_name`, `region`, `created_at`, `updated_at`, `remember_token`, `summoner_status`, `verify_string`, `exp`, `qp`, `premium`, `level_id`, `quest_slots`, `rerolls`, `last_checked`, `daily_done`) VALUES
(3, 'Mark', 'marktomicki@gmail.com', '$2y$10$gVChNA0FW60NZ7MDEEIR.ecMnlRANjUUKeS80Hy/qBz0bXTyQ7scC', 'heyitsmark', 'euw', '2014-04-17 08:03:41', '2014-05-17 22:01:05', '1TMMKDKqgCc0AkyuqWGvrOpwMM8yvnBKMdbDX5TNz3P6VZqRS7K8yXS8TH4Y', 2, 'Full AD', 6650, 75, 0, 11, 3, 0, 1400274898, 0),
(20, '', 'dualdeath@gmail.com', '$2y$10$FoUmSyMlWovlZ0BFpLqvLuaY8lfLUOl5F2EPIMCbLW/LIFYtBSWG.', 'sualk', 'euw', '2014-04-23 20:50:53', '2014-05-17 22:01:06', 'IWwTi5bG56OClUIdM4SDexDs3D9z3ALWqAmipNjn2axDzQkUUCIUgU2r6rT5', 2, 'KikX60wd', 1150, 900, 0, 4, 2, -2, 1400142656, 0),
(21, '', 'mvr88@gmx.de', '$2y$10$sRKwh4Wgl3pOT8ctuNdDZuHw0l7o6oDpcIROFaiSvvmaOc/L.Wlqi', 'sqeeeeze', 'euw', '2014-04-27 13:34:05', '2014-05-17 22:01:06', '', 2, 'SaavXoEi', 900, 1840, 0, 4, 2, 1, 1398966227, 0),
(27, '', 'till94@gmx.de', '$2y$10$eI6SpwuyUrg1h.QiT8O/6Oa8fsNbSQHRL1w9EGSEI5dsmrWKTstVa', 'xDunkelzifferx', 'euw', '2014-05-13 11:34:38', '2014-05-17 22:01:06', 'Zv0LWLCU68Uprv8gv4E8TXigVBQFcQhmKigyOFSsVATy0trN1mfPdIpAU7Tf', 1, 'NqZ65cLa', 0, 0, 0, 1, 2, 2, 0, 0),
(28, '', 'Julius11@hotmail.de', '$2y$10$9MkGp4VTQQF700C21kODl.mRLfHzPaztHL2E9EAhl.I2sw2v7TcGa', 'massta', 'euw', '2014-05-13 13:39:35', '2014-05-17 22:01:06', '', 1, 'I5t0PbKk', 0, 0, 0, 1, 2, 2, 0, 0),
(26, '', 'marktomicki@online.de', '$2y$10$CYQ7vRw/p5h1A0ypRRT09eA427N69noBxRO.0PO6oCNGz5K09EDHe', 'Testperson', 'euw', '2014-05-11 20:26:09', '2014-05-17 22:01:06', 'nGPDeXeSruvu9TEOJ4wBgAU2XXSqeWkPF3iLLY6Bmcq4HPkmOQxLB2dtOw9J', 1, 'St8dha1L', 0, 0, 0, 1, 2, 2, 1400137038, 0),
(29, '', 'vogt_danny@gmx.de', '$2y$10$pPf8mhGEmPkwaGLNLrepbeLrRHdiCyxwfsXifHGvVbr1OKfsWZGv6', 'BioOrganicWolf', 'euw', '2014-05-14 20:03:37', '2014-05-17 22:01:06', 'bfzspeuVLVhyzP4JboCZKEp77rTBUvcrchsjEmKUku0blMQujWZ0Inn0rWbL', 2, 'kJwTs8rc', 500, 25, 0, 2, 2, 2, 1400179189, 0);
